,voc_bin,depth,game_id,move_ply,voc,nodes,time,voc_mid
0,"(-0.005, 0.0051]",1.0,138620966,138620966,138620966,138620966,138620966,5.000000000000013e-05
1,"(-0.005, 0.0051]",2.0,3033039,3033039,3033039,3033039,3033039,5.000000000000013e-05
2,"(-0.005, 0.0051]",3.0,3661379,3661379,3661379,3661379,3661379,5.000000000000013e-05
3,"(-0.005, 0.0051]",4.0,1822518,1822518,1822518,1822518,1822518,5.000000000000013e-05
4,"(-0.005, 0.0051]",5.0,2096824,2096824,2096824,2096824,2096824,5.000000000000013e-05
5,"(-0.005, 0.0051]",6.0,1648202,1648202,1648202,1648202,1648202,5.000000000000013e-05
6,"(-0.005, 0.0051]",7.0,1435930,1435930,1435930,1435930,1435930,5.000000000000013e-05
7,"(-0.005, 0.0051]",8.0,1316342,1316342,1316342,1316342,1316342,5.000000000000013e-05
8,"(-0.005, 0.0051]",9.0,1168000,1168000,1168000,1168000,1168000,5.000000000000013e-05
9,"(-0.005, 0.0051]",10.0,955070,955070,955070,955070,955070,5.000000000000013e-05
10,"(-0.005, 0.0051]",11.0,784119,784119,784119,784119,784119,5.000000000000013e-05
11,"(-0.005, 0.0051]",12.0,691984,691984,691984,691984,691984,5.000000000000013e-05
12,"(-0.005, 0.0051]",13.0,624114,624114,624114,624114,624114,5.000000000000013e-05
13,"(-0.005, 0.0051]",14.0,664840,664840,664840,664840,664840,5.000000000000013e-05
14,"(-0.005, 0.0051]",15.0,494284,494284,494284,494284,494284,5.000000000000013e-05
15,"(-0.005, 0.0051]",16.0,440842,440842,440842,440842,440842,5.000000000000013e-05
16,"(0.0051, 0.0152]",1.0,0,0,0,0,0,0.01015
17,"(0.0051, 0.0152]",2.0,3293929,3293929,3293929,3293929,3293929,0.01015
18,"(0.0051, 0.0152]",3.0,4827007,4827007,4827007,4827007,4827007,0.01015
19,"(0.0051, 0.0152]",4.0,2461460,2461460,2461460,2461460,2461460,0.01015
20,"(0.0051, 0.0152]",5.0,2745203,2745203,2745203,2745203,2745203,0.01015
21,"(0.0051, 0.0152]",6.0,2235236,2235236,2235236,2235236,2235236,0.01015
22,"(0.0051, 0.0152]",7.0,2061133,2061133,2061133,2061133,2061133,0.01015
23,"(0.0051, 0.0152]",8.0,1985950,1985950,1985950,1985950,1985950,0.01015
24,"(0.0051, 0.0152]",9.0,1719599,1719599,1719599,1719599,1719599,0.01015
25,"(0.0051, 0.0152]",10.0,1412262,1412262,1412262,1412262,1412262,0.01015
26,"(0.0051, 0.0152]",11.0,1289908,1289908,1289908,1289908,1289908,0.01015
27,"(0.0051, 0.0152]",12.0,1159911,1159911,1159911,1159911,1159911,0.01015
28,"(0.0051, 0.0152]",13.0,1016854,1016854,1016854,1016854,1016854,0.01015
29,"(0.0051, 0.0152]",14.0,904302,904302,904302,904302,904302,0.01015
30,"(0.0051, 0.0152]",15.0,791019,791019,791019,791019,791019,0.01015
31,"(0.0051, 0.0152]",16.0,694942,694942,694942,694942,694942,0.01015
32,"(0.0152, 0.0253]",1.0,0,0,0,0,0,0.02025
33,"(0.0152, 0.0253]",2.0,2008148,2008148,2008148,2008148,2008148,0.02025
34,"(0.0152, 0.0253]",3.0,2942133,2942133,2942133,2942133,2942133,0.02025
35,"(0.0152, 0.0253]",4.0,1694661,1694661,1694661,1694661,1694661,0.02025
36,"(0.0152, 0.0253]",5.0,2182518,2182518,2182518,2182518,2182518,0.02025
37,"(0.0152, 0.0253]",6.0,1528766,1528766,1528766,1528766,1528766,0.02025
38,"(0.0152, 0.0253]",7.0,1398990,1398990,1398990,1398990,1398990,0.02025
39,"(0.0152, 0.0253]",8.0,1332972,1332972,1332972,1332972,1332972,0.02025
40,"(0.0152, 0.0253]",9.0,1111674,1111674,1111674,1111674,1111674,0.02025
41,"(0.0152, 0.0253]",10.0,992544,992544,992544,992544,992544,0.02025
42,"(0.0152, 0.0253]",11.0,889580,889580,889580,889580,889580,0.02025
43,"(0.0152, 0.0253]",12.0,802467,802467,802467,802467,802467,0.02025
44,"(0.0152, 0.0253]",13.0,713972,713972,713972,713972,713972,0.02025
45,"(0.0152, 0.0253]",14.0,635502,635502,635502,635502,635502,0.02025
46,"(0.0152, 0.0253]",15.0,566137,566137,566137,566137,566137,0.02025
47,"(0.0152, 0.0253]",16.0,479851,479851,479851,479851,479851,0.02025
48,"(0.0253, 0.0354]",1.0,0,0,0,0,0,0.030350000000000002
49,"(0.0253, 0.0354]",2.0,1549737,1549737,1549737,1549737,1549737,0.030350000000000002
50,"(0.0253, 0.0354]",3.0,2120952,2120952,2120952,2120952,2120952,0.030350000000000002
51,"(0.0253, 0.0354]",4.0,1258701,1258701,1258701,1258701,1258701,0.030350000000000002
52,"(0.0253, 0.0354]",5.0,1424562,1424562,1424562,1424562,1424562,0.030350000000000002
53,"(0.0253, 0.0354]",6.0,1136838,1136838,1136838,1136838,1136838,0.030350000000000002
54,"(0.0253, 0.0354]",7.0,1053896,1053896,1053896,1053896,1053896,0.030350000000000002
55,"(0.0253, 0.0354]",8.0,996894,996894,996894,996894,996894,0.030350000000000002
56,"(0.0253, 0.0354]",9.0,827124,827124,827124,827124,827124,0.030350000000000002
57,"(0.0253, 0.0354]",10.0,750839,750839,750839,750839,750839,0.030350000000000002
58,"(0.0253, 0.0354]",11.0,634189,634189,634189,634189,634189,0.030350000000000002
59,"(0.0253, 0.0354]",12.0,574042,574042,574042,574042,574042,0.030350000000000002
60,"(0.0253, 0.0354]",13.0,493501,493501,493501,493501,493501,0.030350000000000002
61,"(0.0253, 0.0354]",14.0,423860,423860,423860,423860,423860,0.030350000000000002
62,"(0.0253, 0.0354]",15.0,371864,371864,371864,371864,371864,0.030350000000000002
63,"(0.0253, 0.0354]",16.0,307430,307430,307430,307430,307430,0.030350000000000002
64,"(0.0354, 0.0455]",1.0,0,0,0,0,0,0.04045
65,"(0.0354, 0.0455]",2.0,1133321,1133321,1133321,1133321,1133321,0.04045
66,"(0.0354, 0.0455]",3.0,1580664,1580664,1580664,1580664,1580664,0.04045
67,"(0.0354, 0.0455]",4.0,933011,933011,933011,933011,933011,0.04045
68,"(0.0354, 0.0455]",5.0,1078614,1078614,1078614,1078614,1078614,0.04045
69,"(0.0354, 0.0455]",6.0,844614,844614,844614,844614,844614,0.04045
70,"(0.0354, 0.0455]",7.0,808572,808572,808572,808572,808572,0.04045
71,"(0.0354, 0.0455]",8.0,724249,724249,724249,724249,724249,0.04045
72,"(0.0354, 0.0455]",9.0,616144,616144,616144,616144,616144,0.04045
73,"(0.0354, 0.0455]",10.0,526419,526419,526419,526419,526419,0.04045
74,"(0.0354, 0.0455]",11.0,462537,462537,462537,462537,462537,0.04045
75,"(0.0354, 0.0455]",12.0,402650,402650,402650,402650,402650,0.04045
76,"(0.0354, 0.0455]",13.0,340045,340045,340045,340045,340045,0.04045
77,"(0.0354, 0.0455]",14.0,293397,293397,293397,293397,293397,0.04045
78,"(0.0354, 0.0455]",15.0,249088,249088,249088,249088,249088,0.04045
79,"(0.0354, 0.0455]",16.0,203873,203873,203873,203873,203873,0.04045
80,"(0.0455, 0.0556]",1.0,0,0,0,0,0,0.05055
81,"(0.0455, 0.0556]",2.0,817358,817358,817358,817358,817358,0.05055
82,"(0.0455, 0.0556]",3.0,1127646,1127646,1127646,1127646,1127646,0.05055
83,"(0.0455, 0.0556]",4.0,687822,687822,687822,687822,687822,0.05055
84,"(0.0455, 0.0556]",5.0,796308,796308,796308,796308,796308,0.05055
85,"(0.0455, 0.0556]",6.0,625613,625613,625613,625613,625613,0.05055
86,"(0.0455, 0.0556]",7.0,559109,559109,559109,559109,559109,0.05055
87,"(0.0455, 0.0556]",8.0,585982,585982,585982,585982,585982,0.05055
88,"(0.0455, 0.0556]",9.0,435674,435674,435674,435674,435674,0.05055
89,"(0.0455, 0.0556]",10.0,376503,376503,376503,376503,376503,0.05055
90,"(0.0455, 0.0556]",11.0,321872,321872,321872,321872,321872,0.05055
91,"(0.0455, 0.0556]",12.0,295893,295893,295893,295893,295893,0.05055
92,"(0.0455, 0.0556]",13.0,233389,233389,233389,233389,233389,0.05055
93,"(0.0455, 0.0556]",14.0,213207,213207,213207,213207,213207,0.05055
94,"(0.0455, 0.0556]",15.0,165255,165255,165255,165255,165255,0.05055
95,"(0.0455, 0.0556]",16.0,138151,138151,138151,138151,138151,0.05055
96,"(0.0556, 0.0657]",1.0,0,0,0,0,0,0.060649999999999996
97,"(0.0556, 0.0657]",2.0,659337,659337,659337,659337,659337,0.060649999999999996
98,"(0.0556, 0.0657]",3.0,880543,880543,880543,880543,880543,0.060649999999999996
99,"(0.0556, 0.0657]",4.0,538022,538022,538022,538022,538022,0.060649999999999996
100,"(0.0556, 0.0657]",5.0,608457,608457,608457,608457,608457,0.060649999999999996
101,"(0.0556, 0.0657]",6.0,474839,474839,474839,474839,474839,0.060649999999999996
102,"(0.0556, 0.0657]",7.0,428444,428444,428444,428444,428444,0.060649999999999996
103,"(0.0556, 0.0657]",8.0,405776,405776,405776,405776,405776,0.060649999999999996
104,"(0.0556, 0.0657]",9.0,328980,328980,328980,328980,328980,0.060649999999999996
105,"(0.0556, 0.0657]",10.0,278084,278084,278084,278084,278084,0.060649999999999996
106,"(0.0556, 0.0657]",11.0,235104,235104,235104,235104,235104,0.060649999999999996
107,"(0.0556, 0.0657]",12.0,197943,197943,197943,197943,197943,0.060649999999999996
108,"(0.0556, 0.0657]",13.0,163679,163679,163679,163679,163679,0.060649999999999996
109,"(0.0556, 0.0657]",14.0,137501,137501,137501,137501,137501,0.060649999999999996
110,"(0.0556, 0.0657]",15.0,114877,114877,114877,114877,114877,0.060649999999999996
111,"(0.0556, 0.0657]",16.0,93874,93874,93874,93874,93874,0.060649999999999996
112,"(0.0657, 0.0758]",1.0,0,0,0,0,0,0.07075000000000001
113,"(0.0657, 0.0758]",2.0,537281,537281,537281,537281,537281,0.07075000000000001
114,"(0.0657, 0.0758]",3.0,688550,688550,688550,688550,688550,0.07075000000000001
115,"(0.0657, 0.0758]",4.0,429827,429827,429827,429827,429827,0.07075000000000001
116,"(0.0657, 0.0758]",5.0,478783,478783,478783,478783,478783,0.07075000000000001
117,"(0.0657, 0.0758]",6.0,370776,370776,370776,370776,370776,0.07075000000000001
118,"(0.0657, 0.0758]",7.0,333620,333620,333620,333620,333620,0.07075000000000001
119,"(0.0657, 0.0758]",8.0,317342,317342,317342,317342,317342,0.07075000000000001
120,"(0.0657, 0.0758]",9.0,253152,253152,253152,253152,253152,0.07075000000000001
121,"(0.0657, 0.0758]",10.0,210517,210517,210517,210517,210517,0.07075000000000001
122,"(0.0657, 0.0758]",11.0,176688,176688,176688,176688,176688,0.07075000000000001
123,"(0.0657, 0.0758]",12.0,148208,148208,148208,148208,148208,0.07075000000000001
124,"(0.0657, 0.0758]",13.0,120339,120339,120339,120339,120339,0.07075000000000001
125,"(0.0657, 0.0758]",14.0,100941,100941,100941,100941,100941,0.07075000000000001
126,"(0.0657, 0.0758]",15.0,83110,83110,83110,83110,83110,0.07075000000000001
127,"(0.0657, 0.0758]",16.0,68453,68453,68453,68453,68453,0.07075000000000001
128,"(0.0758, 0.0859]",1.0,0,0,0,0,0,0.08085
129,"(0.0758, 0.0859]",2.0,453830,453830,453830,453830,453830,0.08085
130,"(0.0758, 0.0859]",3.0,550383,550383,550383,550383,550383,0.08085
131,"(0.0758, 0.0859]",4.0,338830,338830,338830,338830,338830,0.08085
132,"(0.0758, 0.0859]",5.0,385185,385185,385185,385185,385185,0.08085
133,"(0.0758, 0.0859]",6.0,286559,286559,286559,286559,286559,0.08085
134,"(0.0758, 0.0859]",7.0,265337,265337,265337,265337,265337,0.08085
135,"(0.0758, 0.0859]",8.0,240532,240532,240532,240532,240532,0.08085
136,"(0.0758, 0.0859]",9.0,191929,191929,191929,191929,191929,0.08085
137,"(0.0758, 0.0859]",10.0,185256,185256,185256,185256,185256,0.08085
138,"(0.0758, 0.0859]",11.0,132336,132336,132336,132336,132336,0.08085
139,"(0.0758, 0.0859]",12.0,111217,111217,111217,111217,111217,0.08085
140,"(0.0758, 0.0859]",13.0,88519,88519,88519,88519,88519,0.08085
141,"(0.0758, 0.0859]",14.0,73205,73205,73205,73205,73205,0.08085
142,"(0.0758, 0.0859]",15.0,60736,60736,60736,60736,60736,0.08085
143,"(0.0758, 0.0859]",16.0,49453,49453,49453,49453,49453,0.08085
144,"(0.0859, 0.096]",1.0,0,0,0,0,0,0.09095
145,"(0.0859, 0.096]",2.0,371387,371387,371387,371387,371387,0.09095
146,"(0.0859, 0.096]",3.0,440791,440791,440791,440791,440791,0.09095
147,"(0.0859, 0.096]",4.0,275039,275039,275039,275039,275039,0.09095
148,"(0.0859, 0.096]",5.0,317894,317894,317894,317894,317894,0.09095
149,"(0.0859, 0.096]",6.0,233631,233631,233631,233631,233631,0.09095
150,"(0.0859, 0.096]",7.0,211417,211417,211417,211417,211417,0.09095
151,"(0.0859, 0.096]",8.0,194381,194381,194381,194381,194381,0.09095
152,"(0.0859, 0.096]",9.0,151823,151823,151823,151823,151823,0.09095
153,"(0.0859, 0.096]",10.0,124879,124879,124879,124879,124879,0.09095
154,"(0.0859, 0.096]",11.0,102341,102341,102341,102341,102341,0.09095
155,"(0.0859, 0.096]",12.0,85936,85936,85936,85936,85936,0.09095
156,"(0.0859, 0.096]",13.0,68008,68008,68008,68008,68008,0.09095
157,"(0.0859, 0.096]",14.0,55174,55174,55174,55174,55174,0.09095
158,"(0.0859, 0.096]",15.0,45115,45115,45115,45115,45115,0.09095
159,"(0.0859, 0.096]",16.0,37039,37039,37039,37039,37039,0.09095
160,"(0.096, 0.106]",1.0,0,0,0,0,0,0.101
161,"(0.096, 0.106]",2.0,318678,318678,318678,318678,318678,0.101
162,"(0.096, 0.106]",3.0,361874,361874,361874,361874,361874,0.101
163,"(0.096, 0.106]",4.0,229225,229225,229225,229225,229225,0.101
164,"(0.096, 0.106]",5.0,252014,252014,252014,252014,252014,0.101
165,"(0.096, 0.106]",6.0,186573,186573,186573,186573,186573,0.101
166,"(0.096, 0.106]",7.0,183640,183640,183640,183640,183640,0.101
167,"(0.096, 0.106]",8.0,157619,157619,157619,157619,157619,0.101
168,"(0.096, 0.106]",9.0,121580,121580,121580,121580,121580,0.101
169,"(0.096, 0.106]",10.0,102149,102149,102149,102149,102149,0.101
170,"(0.096, 0.106]",11.0,79115,79115,79115,79115,79115,0.101
171,"(0.096, 0.106]",12.0,65461,65461,65461,65461,65461,0.101
172,"(0.096, 0.106]",13.0,53063,53063,53063,53063,53063,0.101
173,"(0.096, 0.106]",14.0,43563,43563,43563,43563,43563,0.101
174,"(0.096, 0.106]",15.0,35663,35663,35663,35663,35663,0.101
175,"(0.096, 0.106]",16.0,28346,28346,28346,28346,28346,0.101
176,"(0.106, 0.116]",1.0,0,0,0,0,0,0.111
177,"(0.106, 0.116]",2.0,270866,270866,270866,270866,270866,0.111
178,"(0.106, 0.116]",3.0,298382,298382,298382,298382,298382,0.111
179,"(0.106, 0.116]",4.0,190999,190999,190999,190999,190999,0.111
180,"(0.106, 0.116]",5.0,212421,212421,212421,212421,212421,0.111
181,"(0.106, 0.116]",6.0,155086,155086,155086,155086,155086,0.111
182,"(0.106, 0.116]",7.0,139677,139677,139677,139677,139677,0.111
183,"(0.106, 0.116]",8.0,127220,127220,127220,127220,127220,0.111
184,"(0.106, 0.116]",9.0,97738,97738,97738,97738,97738,0.111
185,"(0.106, 0.116]",10.0,79905,79905,79905,79905,79905,0.111
186,"(0.106, 0.116]",11.0,64857,64857,64857,64857,64857,0.111
187,"(0.106, 0.116]",12.0,51866,51866,51866,51866,51866,0.111
188,"(0.106, 0.116]",13.0,41615,41615,41615,41615,41615,0.111
189,"(0.106, 0.116]",14.0,34651,34651,34651,34651,34651,0.111
190,"(0.106, 0.116]",15.0,28312,28312,28312,28312,28312,0.111
191,"(0.106, 0.116]",16.0,22869,22869,22869,22869,22869,0.111
192,"(0.116, 0.126]",1.0,0,0,0,0,0,0.121
193,"(0.116, 0.126]",2.0,232880,232880,232880,232880,232880,0.121
194,"(0.116, 0.126]",3.0,253546,253546,253546,253546,253546,0.121
195,"(0.116, 0.126]",4.0,159631,159631,159631,159631,159631,0.121
196,"(0.116, 0.126]",5.0,179183,179183,179183,179183,179183,0.121
197,"(0.116, 0.126]",6.0,130933,130933,130933,130933,130933,0.121
198,"(0.116, 0.126]",7.0,116340,116340,116340,116340,116340,0.121
199,"(0.116, 0.126]",8.0,107880,107880,107880,107880,107880,0.121
200,"(0.116, 0.126]",9.0,83801,83801,83801,83801,83801,0.121
201,"(0.116, 0.126]",10.0,66687,66687,66687,66687,66687,0.121
202,"(0.116, 0.126]",11.0,53809,53809,53809,53809,53809,0.121
203,"(0.116, 0.126]",12.0,43494,43494,43494,43494,43494,0.121
204,"(0.116, 0.126]",13.0,33489,33489,33489,33489,33489,0.121
205,"(0.116, 0.126]",14.0,27423,27423,27423,27423,27423,0.121
206,"(0.116, 0.126]",15.0,22233,22233,22233,22233,22233,0.121
207,"(0.116, 0.126]",16.0,18109,18109,18109,18109,18109,0.121
208,"(0.126, 0.136]",1.0,0,0,0,0,0,0.131
209,"(0.126, 0.136]",2.0,200954,200954,200954,200954,200954,0.131
210,"(0.126, 0.136]",3.0,210881,210881,210881,210881,210881,0.131
211,"(0.126, 0.136]",4.0,135303,135303,135303,135303,135303,0.131
212,"(0.126, 0.136]",5.0,146358,146358,146358,146358,146358,0.131
213,"(0.126, 0.136]",6.0,107703,107703,107703,107703,107703,0.131
214,"(0.126, 0.136]",7.0,101059,101059,101059,101059,101059,0.131
215,"(0.126, 0.136]",8.0,86971,86971,86971,86971,86971,0.131
216,"(0.126, 0.136]",9.0,67282,67282,67282,67282,67282,0.131
217,"(0.126, 0.136]",10.0,54665,54665,54665,54665,54665,0.131
218,"(0.126, 0.136]",11.0,43008,43008,43008,43008,43008,0.131
219,"(0.126, 0.136]",12.0,35539,35539,35539,35539,35539,0.131
220,"(0.126, 0.136]",13.0,27439,27439,27439,27439,27439,0.131
221,"(0.126, 0.136]",14.0,22351,22351,22351,22351,22351,0.131
222,"(0.126, 0.136]",15.0,18180,18180,18180,18180,18180,0.131
223,"(0.126, 0.136]",16.0,14433,14433,14433,14433,14433,0.131
224,"(0.136, 0.146]",1.0,0,0,0,0,0,0.14100000000000001
225,"(0.136, 0.146]",2.0,174493,174493,174493,174493,174493,0.14100000000000001
226,"(0.136, 0.146]",3.0,181725,181725,181725,181725,181725,0.14100000000000001
227,"(0.136, 0.146]",4.0,114700,114700,114700,114700,114700,0.14100000000000001
228,"(0.136, 0.146]",5.0,125961,125961,125961,125961,125961,0.14100000000000001
229,"(0.136, 0.146]",6.0,92539,92539,92539,92539,92539,0.14100000000000001
230,"(0.136, 0.146]",7.0,84649,84649,84649,84649,84649,0.14100000000000001
231,"(0.136, 0.146]",8.0,74338,74338,74338,74338,74338,0.14100000000000001
232,"(0.136, 0.146]",9.0,57291,57291,57291,57291,57291,0.14100000000000001
233,"(0.136, 0.146]",10.0,46221,46221,46221,46221,46221,0.14100000000000001
234,"(0.136, 0.146]",11.0,36489,36489,36489,36489,36489,0.14100000000000001
235,"(0.136, 0.146]",12.0,28961,28961,28961,28961,28961,0.14100000000000001
236,"(0.136, 0.146]",13.0,22758,22758,22758,22758,22758,0.14100000000000001
237,"(0.136, 0.146]",14.0,18195,18195,18195,18195,18195,0.14100000000000001
238,"(0.136, 0.146]",15.0,15233,15233,15233,15233,15233,0.14100000000000001
239,"(0.136, 0.146]",16.0,11930,11930,11930,11930,11930,0.14100000000000001
240,"(0.146, 0.157]",1.0,0,0,0,0,0,0.1515
241,"(0.146, 0.157]",2.0,154132,154132,154132,154132,154132,0.1515
242,"(0.146, 0.157]",3.0,152510,152510,152510,152510,152510,0.1515
243,"(0.146, 0.157]",4.0,97766,97766,97766,97766,97766,0.1515
244,"(0.146, 0.157]",5.0,107883,107883,107883,107883,107883,0.1515
245,"(0.146, 0.157]",6.0,80083,80083,80083,80083,80083,0.1515
246,"(0.146, 0.157]",7.0,72187,72187,72187,72187,72187,0.1515
247,"(0.146, 0.157]",8.0,64949,64949,64949,64949,64949,0.1515
248,"(0.146, 0.157]",9.0,49232,49232,49232,49232,49232,0.1515
249,"(0.146, 0.157]",10.0,39170,39170,39170,39170,39170,0.1515
250,"(0.146, 0.157]",11.0,30986,30986,30986,30986,30986,0.1515
251,"(0.146, 0.157]",12.0,24360,24360,24360,24360,24360,0.1515
252,"(0.146, 0.157]",13.0,18648,18648,18648,18648,18648,0.1515
253,"(0.146, 0.157]",14.0,15279,15279,15279,15279,15279,0.1515
254,"(0.146, 0.157]",15.0,12848,12848,12848,12848,12848,0.1515
255,"(0.146, 0.157]",16.0,9802,9802,9802,9802,9802,0.1515
256,"(0.157, 0.167]",1.0,0,0,0,0,0,0.162
257,"(0.157, 0.167]",2.0,134124,134124,134124,134124,134124,0.162
258,"(0.157, 0.167]",3.0,135730,135730,135730,135730,135730,0.162
259,"(0.157, 0.167]",4.0,85131,85131,85131,85131,85131,0.162
260,"(0.157, 0.167]",5.0,92888,92888,92888,92888,92888,0.162
261,"(0.157, 0.167]",6.0,68192,68192,68192,68192,68192,0.162
262,"(0.157, 0.167]",7.0,63273,63273,63273,63273,63273,0.162
263,"(0.157, 0.167]",8.0,54726,54726,54726,54726,54726,0.162
264,"(0.157, 0.167]",9.0,41085,41085,41085,41085,41085,0.162
265,"(0.157, 0.167]",10.0,33348,33348,33348,33348,33348,0.162
266,"(0.157, 0.167]",11.0,26328,26328,26328,26328,26328,0.162
267,"(0.157, 0.167]",12.0,20967,20967,20967,20967,20967,0.162
268,"(0.157, 0.167]",13.0,15872,15872,15872,15872,15872,0.162
269,"(0.157, 0.167]",14.0,12982,12982,12982,12982,12982,0.162
270,"(0.157, 0.167]",15.0,10520,10520,10520,10520,10520,0.162
271,"(0.157, 0.167]",16.0,8265,8265,8265,8265,8265,0.162
272,"(0.167, 0.177]",1.0,0,0,0,0,0,0.172
273,"(0.167, 0.177]",2.0,118609,118609,118609,118609,118609,0.172
274,"(0.167, 0.177]",3.0,117931,117931,117931,117931,117931,0.172
275,"(0.167, 0.177]",4.0,73956,73956,73956,73956,73956,0.172
276,"(0.167, 0.177]",5.0,82460,82460,82460,82460,82460,0.172
277,"(0.167, 0.177]",6.0,59706,59706,59706,59706,59706,0.172
278,"(0.167, 0.177]",7.0,53816,53816,53816,53816,53816,0.172
279,"(0.167, 0.177]",8.0,47709,47709,47709,47709,47709,0.172
280,"(0.167, 0.177]",9.0,36317,36317,36317,36317,36317,0.172
281,"(0.167, 0.177]",10.0,28646,28646,28646,28646,28646,0.172
282,"(0.167, 0.177]",11.0,22063,22063,22063,22063,22063,0.172
283,"(0.167, 0.177]",12.0,17918,17918,17918,17918,17918,0.172
284,"(0.167, 0.177]",13.0,13651,13651,13651,13651,13651,0.172
285,"(0.167, 0.177]",14.0,11062,11062,11062,11062,11062,0.172
286,"(0.167, 0.177]",15.0,9019,9019,9019,9019,9019,0.172
287,"(0.167, 0.177]",16.0,7451,7451,7451,7451,7451,0.172
288,"(0.177, 0.187]",1.0,0,0,0,0,0,0.182
289,"(0.177, 0.187]",2.0,106561,106561,106561,106561,106561,0.182
290,"(0.177, 0.187]",3.0,102114,102114,102114,102114,102114,0.182
291,"(0.177, 0.187]",4.0,64791,64791,64791,64791,64791,0.182
292,"(0.177, 0.187]",5.0,72541,72541,72541,72541,72541,0.182
293,"(0.177, 0.187]",6.0,52448,52448,52448,52448,52448,0.182
294,"(0.177, 0.187]",7.0,48063,48063,48063,48063,48063,0.182
295,"(0.177, 0.187]",8.0,40390,40390,40390,40390,40390,0.182
296,"(0.177, 0.187]",9.0,31379,31379,31379,31379,31379,0.182
297,"(0.177, 0.187]",10.0,24801,24801,24801,24801,24801,0.182
298,"(0.177, 0.187]",11.0,19285,19285,19285,19285,19285,0.182
299,"(0.177, 0.187]",12.0,14856,14856,14856,14856,14856,0.182
300,"(0.177, 0.187]",13.0,11877,11877,11877,11877,11877,0.182
301,"(0.177, 0.187]",14.0,9420,9420,9420,9420,9420,0.182
302,"(0.177, 0.187]",15.0,7842,7842,7842,7842,7842,0.182
303,"(0.177, 0.187]",16.0,6411,6411,6411,6411,6411,0.182
304,"(0.187, 0.197]",1.0,0,0,0,0,0,0.192
305,"(0.187, 0.197]",2.0,94860,94860,94860,94860,94860,0.192
306,"(0.187, 0.197]",3.0,91189,91189,91189,91189,91189,0.192
307,"(0.187, 0.197]",4.0,58749,58749,58749,58749,58749,0.192
308,"(0.187, 0.197]",5.0,64395,64395,64395,64395,64395,0.192
309,"(0.187, 0.197]",6.0,46759,46759,46759,46759,46759,0.192
310,"(0.187, 0.197]",7.0,42735,42735,42735,42735,42735,0.192
311,"(0.187, 0.197]",8.0,36264,36264,36264,36264,36264,0.192
312,"(0.187, 0.197]",9.0,26650,26650,26650,26650,26650,0.192
313,"(0.187, 0.197]",10.0,21594,21594,21594,21594,21594,0.192
314,"(0.187, 0.197]",11.0,16842,16842,16842,16842,16842,0.192
315,"(0.187, 0.197]",12.0,12889,12889,12889,12889,12889,0.192
316,"(0.187, 0.197]",13.0,10349,10349,10349,10349,10349,0.192
317,"(0.187, 0.197]",14.0,8329,8329,8329,8329,8329,0.192
318,"(0.187, 0.197]",15.0,7006,7006,7006,7006,7006,0.192
319,"(0.187, 0.197]",16.0,5444,5444,5444,5444,5444,0.192
320,"(0.197, 0.207]",1.0,0,0,0,0,0,0.202
321,"(0.197, 0.207]",2.0,85878,85878,85878,85878,85878,0.202
322,"(0.197, 0.207]",3.0,81262,81262,81262,81262,81262,0.202
323,"(0.197, 0.207]",4.0,51774,51774,51774,51774,51774,0.202
324,"(0.197, 0.207]",5.0,56884,56884,56884,56884,56884,0.202
325,"(0.197, 0.207]",6.0,41245,41245,41245,41245,41245,0.202
326,"(0.197, 0.207]",7.0,37715,37715,37715,37715,37715,0.202
327,"(0.197, 0.207]",8.0,32204,32204,32204,32204,32204,0.202
328,"(0.197, 0.207]",9.0,23865,23865,23865,23865,23865,0.202
329,"(0.197, 0.207]",10.0,19262,19262,19262,19262,19262,0.202
330,"(0.197, 0.207]",11.0,14701,14701,14701,14701,14701,0.202
331,"(0.197, 0.207]",12.0,11263,11263,11263,11263,11263,0.202
332,"(0.197, 0.207]",13.0,9071,9071,9071,9071,9071,0.202
333,"(0.197, 0.207]",14.0,7221,7221,7221,7221,7221,0.202
334,"(0.197, 0.207]",15.0,5948,5948,5948,5948,5948,0.202
335,"(0.197, 0.207]",16.0,4558,4558,4558,4558,4558,0.202
336,"(0.207, 0.217]",1.0,0,0,0,0,0,0.212
337,"(0.207, 0.217]",2.0,77277,77277,77277,77277,77277,0.212
338,"(0.207, 0.217]",3.0,72442,72442,72442,72442,72442,0.212
339,"(0.207, 0.217]",4.0,49401,49401,49401,49401,49401,0.212
340,"(0.207, 0.217]",5.0,51951,51951,51951,51951,51951,0.212
341,"(0.207, 0.217]",6.0,37156,37156,37156,37156,37156,0.212
342,"(0.207, 0.217]",7.0,33385,33385,33385,33385,33385,0.212
343,"(0.207, 0.217]",8.0,30060,30060,30060,30060,30060,0.212
344,"(0.207, 0.217]",9.0,21025,21025,21025,21025,21025,0.212
345,"(0.207, 0.217]",10.0,17033,17033,17033,17033,17033,0.212
346,"(0.207, 0.217]",11.0,13298,13298,13298,13298,13298,0.212
347,"(0.207, 0.217]",12.0,9937,9937,9937,9937,9937,0.212
348,"(0.207, 0.217]",13.0,8259,8259,8259,8259,8259,0.212
349,"(0.207, 0.217]",14.0,6387,6387,6387,6387,6387,0.212
350,"(0.207, 0.217]",15.0,5460,5460,5460,5460,5460,0.212
351,"(0.207, 0.217]",16.0,4142,4142,4142,4142,4142,0.212
352,"(0.217, 0.227]",1.0,0,0,0,0,0,0.222
353,"(0.217, 0.227]",2.0,72906,72906,72906,72906,72906,0.222
354,"(0.217, 0.227]",3.0,66676,66676,66676,66676,66676,0.222
355,"(0.217, 0.227]",4.0,41389,41389,41389,41389,41389,0.222
356,"(0.217, 0.227]",5.0,46146,46146,46146,46146,46146,0.222
357,"(0.217, 0.227]",6.0,33046,33046,33046,33046,33046,0.222
358,"(0.217, 0.227]",7.0,30180,30180,30180,30180,30180,0.222
359,"(0.217, 0.227]",8.0,26213,26213,26213,26213,26213,0.222
360,"(0.217, 0.227]",9.0,18962,18962,18962,18962,18962,0.222
361,"(0.217, 0.227]",10.0,15237,15237,15237,15237,15237,0.222
362,"(0.217, 0.227]",11.0,11419,11419,11419,11419,11419,0.222
363,"(0.217, 0.227]",12.0,8913,8913,8913,8913,8913,0.222
364,"(0.217, 0.227]",13.0,7077,7077,7077,7077,7077,0.222
365,"(0.217, 0.227]",14.0,5873,5873,5873,5873,5873,0.222
366,"(0.217, 0.227]",15.0,4627,4627,4627,4627,4627,0.222
367,"(0.217, 0.227]",16.0,3716,3716,3716,3716,3716,0.222
368,"(0.227, 0.237]",1.0,0,0,0,0,0,0.23199999999999998
369,"(0.227, 0.237]",2.0,67051,67051,67051,67051,67051,0.23199999999999998
370,"(0.227, 0.237]",3.0,59835,59835,59835,59835,59835,0.23199999999999998
371,"(0.227, 0.237]",4.0,38024,38024,38024,38024,38024,0.23199999999999998
372,"(0.227, 0.237]",5.0,42220,42220,42220,42220,42220,0.23199999999999998
373,"(0.227, 0.237]",6.0,31114,31114,31114,31114,31114,0.23199999999999998
374,"(0.227, 0.237]",7.0,27775,27775,27775,27775,27775,0.23199999999999998
375,"(0.227, 0.237]",8.0,23300,23300,23300,23300,23300,0.23199999999999998
376,"(0.227, 0.237]",9.0,17187,17187,17187,17187,17187,0.23199999999999998
377,"(0.227, 0.237]",10.0,13720,13720,13720,13720,13720,0.23199999999999998
378,"(0.227, 0.237]",11.0,10395,10395,10395,10395,10395,0.23199999999999998
379,"(0.227, 0.237]",12.0,8198,8198,8198,8198,8198,0.23199999999999998
380,"(0.227, 0.237]",13.0,6360,6360,6360,6360,6360,0.23199999999999998
381,"(0.227, 0.237]",14.0,5175,5175,5175,5175,5175,0.23199999999999998
382,"(0.227, 0.237]",15.0,4173,4173,4173,4173,4173,0.23199999999999998
383,"(0.227, 0.237]",16.0,3515,3515,3515,3515,3515,0.23199999999999998
384,"(0.237, 0.247]",1.0,0,0,0,0,0,0.242
385,"(0.237, 0.247]",2.0,63276,63276,63276,63276,63276,0.242
386,"(0.237, 0.247]",3.0,53459,53459,53459,53459,53459,0.242
387,"(0.237, 0.247]",4.0,35306,35306,35306,35306,35306,0.242
388,"(0.237, 0.247]",5.0,38762,38762,38762,38762,38762,0.242
389,"(0.237, 0.247]",6.0,27666,27666,27666,27666,27666,0.242
390,"(0.237, 0.247]",7.0,25170,25170,25170,25170,25170,0.242
391,"(0.237, 0.247]",8.0,20965,20965,20965,20965,20965,0.242
392,"(0.237, 0.247]",9.0,15506,15506,15506,15506,15506,0.242
393,"(0.237, 0.247]",10.0,12465,12465,12465,12465,12465,0.242
394,"(0.237, 0.247]",11.0,9019,9019,9019,9019,9019,0.242
395,"(0.237, 0.247]",12.0,7256,7256,7256,7256,7256,0.242
396,"(0.237, 0.247]",13.0,5824,5824,5824,5824,5824,0.242
397,"(0.237, 0.247]",14.0,4702,4702,4702,4702,4702,0.242
398,"(0.237, 0.247]",15.0,3725,3725,3725,3725,3725,0.242
399,"(0.237, 0.247]",16.0,2992,2992,2992,2992,2992,0.242
400,"(0.247, 0.258]",1.0,0,0,0,0,0,0.2525
401,"(0.247, 0.258]",2.0,64382,64382,64382,64382,64382,0.2525
402,"(0.247, 0.258]",3.0,49520,49520,49520,49520,49520,0.2525
403,"(0.247, 0.258]",4.0,31326,31326,31326,31326,31326,0.2525
404,"(0.247, 0.258]",5.0,34832,34832,34832,34832,34832,0.2525
405,"(0.247, 0.258]",6.0,25185,25185,25185,25185,25185,0.2525
406,"(0.247, 0.258]",7.0,22522,22522,22522,22522,22522,0.2525
407,"(0.247, 0.258]",8.0,19765,19765,19765,19765,19765,0.2525
408,"(0.247, 0.258]",9.0,13998,13998,13998,13998,13998,0.2525
409,"(0.247, 0.258]",10.0,10876,10876,10876,10876,10876,0.2525
410,"(0.247, 0.258]",11.0,8331,8331,8331,8331,8331,0.2525
411,"(0.247, 0.258]",12.0,6617,6617,6617,6617,6617,0.2525
412,"(0.247, 0.258]",13.0,4984,4984,4984,4984,4984,0.2525
413,"(0.247, 0.258]",14.0,4082,4082,4082,4082,4082,0.2525
414,"(0.247, 0.258]",15.0,3304,3304,3304,3304,3304,0.2525
415,"(0.247, 0.258]",16.0,2772,2772,2772,2772,2772,0.2525
416,"(0.258, 0.268]",1.0,0,0,0,0,0,0.263
417,"(0.258, 0.268]",2.0,53456,53456,53456,53456,53456,0.263
418,"(0.258, 0.268]",3.0,46353,46353,46353,46353,46353,0.263
419,"(0.258, 0.268]",4.0,29021,29021,29021,29021,29021,0.263
420,"(0.258, 0.268]",5.0,33761,33761,33761,33761,33761,0.263
421,"(0.258, 0.268]",6.0,24413,24413,24413,24413,24413,0.263
422,"(0.258, 0.268]",7.0,20814,20814,20814,20814,20814,0.263
423,"(0.258, 0.268]",8.0,22874,22874,22874,22874,22874,0.263
424,"(0.258, 0.268]",9.0,12634,12634,12634,12634,12634,0.263
425,"(0.258, 0.268]",10.0,10538,10538,10538,10538,10538,0.263
426,"(0.258, 0.268]",11.0,7776,7776,7776,7776,7776,0.263
427,"(0.258, 0.268]",12.0,5992,5992,5992,5992,5992,0.263
428,"(0.258, 0.268]",13.0,4578,4578,4578,4578,4578,0.263
429,"(0.258, 0.268]",14.0,3719,3719,3719,3719,3719,0.263
430,"(0.258, 0.268]",15.0,2891,2891,2891,2891,2891,0.263
431,"(0.258, 0.268]",16.0,2412,2412,2412,2412,2412,0.263
432,"(0.268, 0.278]",1.0,0,0,0,0,0,0.273
433,"(0.268, 0.278]",2.0,50417,50417,50417,50417,50417,0.273
434,"(0.268, 0.278]",3.0,41918,41918,41918,41918,41918,0.273
435,"(0.268, 0.278]",4.0,26220,26220,26220,26220,26220,0.273
436,"(0.268, 0.278]",5.0,29192,29192,29192,29192,29192,0.273
437,"(0.268, 0.278]",6.0,20893,20893,20893,20893,20893,0.273
438,"(0.268, 0.278]",7.0,19078,19078,19078,19078,19078,0.273
439,"(0.268, 0.278]",8.0,16040,16040,16040,16040,16040,0.273
440,"(0.268, 0.278]",9.0,11440,11440,11440,11440,11440,0.273
441,"(0.268, 0.278]",10.0,9287,9287,9287,9287,9287,0.273
442,"(0.268, 0.278]",11.0,6693,6693,6693,6693,6693,0.273
443,"(0.268, 0.278]",12.0,5247,5247,5247,5247,5247,0.273
444,"(0.268, 0.278]",13.0,4235,4235,4235,4235,4235,0.273
445,"(0.268, 0.278]",14.0,3336,3336,3336,3336,3336,0.273
446,"(0.268, 0.278]",15.0,2757,2757,2757,2757,2757,0.273
447,"(0.268, 0.278]",16.0,2117,2117,2117,2117,2117,0.273
448,"(0.278, 0.288]",1.0,0,0,0,0,0,0.28300000000000003
449,"(0.278, 0.288]",2.0,48219,48219,48219,48219,48219,0.28300000000000003
450,"(0.278, 0.288]",3.0,37257,37257,37257,37257,37257,0.28300000000000003
451,"(0.278, 0.288]",4.0,23701,23701,23701,23701,23701,0.28300000000000003
452,"(0.278, 0.288]",5.0,26556,26556,26556,26556,26556,0.28300000000000003
453,"(0.278, 0.288]",6.0,19103,19103,19103,19103,19103,0.28300000000000003
454,"(0.278, 0.288]",7.0,19248,19248,19248,19248,19248,0.28300000000000003
455,"(0.278, 0.288]",8.0,14313,14313,14313,14313,14313,0.28300000000000003
456,"(0.278, 0.288]",9.0,10298,10298,10298,10298,10298,0.28300000000000003
457,"(0.278, 0.288]",10.0,8130,8130,8130,8130,8130,0.28300000000000003
458,"(0.278, 0.288]",11.0,6466,6466,6466,6466,6466,0.28300000000000003
459,"(0.278, 0.288]",12.0,4707,4707,4707,4707,4707,0.28300000000000003
460,"(0.278, 0.288]",13.0,3695,3695,3695,3695,3695,0.28300000000000003
461,"(0.278, 0.288]",14.0,3011,3011,3011,3011,3011,0.28300000000000003
462,"(0.278, 0.288]",15.0,2507,2507,2507,2507,2507,0.28300000000000003
463,"(0.278, 0.288]",16.0,1917,1917,1917,1917,1917,0.28300000000000003
464,"(0.288, 0.298]",1.0,0,0,0,0,0,0.293
465,"(0.288, 0.298]",2.0,43861,43861,43861,43861,43861,0.293
466,"(0.288, 0.298]",3.0,33141,33141,33141,33141,33141,0.293
467,"(0.288, 0.298]",4.0,21098,21098,21098,21098,21098,0.293
468,"(0.288, 0.298]",5.0,24830,24830,24830,24830,24830,0.293
469,"(0.288, 0.298]",6.0,17144,17144,17144,17144,17144,0.293
470,"(0.288, 0.298]",7.0,15292,15292,15292,15292,15292,0.293
471,"(0.288, 0.298]",8.0,12726,12726,12726,12726,12726,0.293
472,"(0.288, 0.298]",9.0,9613,9613,9613,9613,9613,0.293
473,"(0.288, 0.298]",10.0,7250,7250,7250,7250,7250,0.293
474,"(0.288, 0.298]",11.0,5676,5676,5676,5676,5676,0.293
475,"(0.288, 0.298]",12.0,4779,4779,4779,4779,4779,0.293
476,"(0.288, 0.298]",13.0,3263,3263,3263,3263,3263,0.293
477,"(0.288, 0.298]",14.0,2733,2733,2733,2733,2733,0.293
478,"(0.288, 0.298]",15.0,2105,2105,2105,2105,2105,0.293
479,"(0.288, 0.298]",16.0,1919,1919,1919,1919,1919,0.293
480,"(0.298, 0.308]",1.0,0,0,0,0,0,0.303
481,"(0.298, 0.308]",2.0,40586,40586,40586,40586,40586,0.303
482,"(0.298, 0.308]",3.0,31020,31020,31020,31020,31020,0.303
483,"(0.298, 0.308]",4.0,19029,19029,19029,19029,19029,0.303
484,"(0.298, 0.308]",5.0,23476,23476,23476,23476,23476,0.303
485,"(0.298, 0.308]",6.0,15251,15251,15251,15251,15251,0.303
486,"(0.298, 0.308]",7.0,14083,14083,14083,14083,14083,0.303
487,"(0.298, 0.308]",8.0,11731,11731,11731,11731,11731,0.303
488,"(0.298, 0.308]",9.0,8405,8405,8405,8405,8405,0.303
489,"(0.298, 0.308]",10.0,6421,6421,6421,6421,6421,0.303
490,"(0.298, 0.308]",11.0,5002,5002,5002,5002,5002,0.303
491,"(0.298, 0.308]",12.0,3866,3866,3866,3866,3866,0.303
492,"(0.298, 0.308]",13.0,2877,2877,2877,2877,2877,0.303
493,"(0.298, 0.308]",14.0,2479,2479,2479,2479,2479,0.303
494,"(0.298, 0.308]",15.0,1974,1974,1974,1974,1974,0.303
495,"(0.298, 0.308]",16.0,1587,1587,1587,1587,1587,0.303
496,"(0.308, 0.318]",1.0,0,0,0,0,0,0.313
497,"(0.308, 0.318]",2.0,37943,37943,37943,37943,37943,0.313
498,"(0.308, 0.318]",3.0,27267,27267,27267,27267,27267,0.313
499,"(0.308, 0.318]",4.0,17011,17011,17011,17011,17011,0.313
500,"(0.308, 0.318]",5.0,19373,19373,19373,19373,19373,0.313
501,"(0.308, 0.318]",6.0,14023,14023,14023,14023,14023,0.313
502,"(0.308, 0.318]",7.0,12554,12554,12554,12554,12554,0.313
503,"(0.308, 0.318]",8.0,10237,10237,10237,10237,10237,0.313
504,"(0.308, 0.318]",9.0,7471,7471,7471,7471,7471,0.313
505,"(0.308, 0.318]",10.0,6075,6075,6075,6075,6075,0.313
506,"(0.308, 0.318]",11.0,4765,4765,4765,4765,4765,0.313
507,"(0.308, 0.318]",12.0,3411,3411,3411,3411,3411,0.313
508,"(0.308, 0.318]",13.0,2577,2577,2577,2577,2577,0.313
509,"(0.308, 0.318]",14.0,2245,2245,2245,2245,2245,0.313
510,"(0.308, 0.318]",15.0,1848,1848,1848,1848,1848,0.313
511,"(0.308, 0.318]",16.0,1372,1372,1372,1372,1372,0.313
512,"(0.318, 0.328]",1.0,0,0,0,0,0,0.323
513,"(0.318, 0.328]",2.0,33815,33815,33815,33815,33815,0.323
514,"(0.318, 0.328]",3.0,24185,24185,24185,24185,24185,0.323
515,"(0.318, 0.328]",4.0,17733,17733,17733,17733,17733,0.323
516,"(0.318, 0.328]",5.0,17376,17376,17376,17376,17376,0.323
517,"(0.318, 0.328]",6.0,12399,12399,12399,12399,12399,0.323
518,"(0.318, 0.328]",7.0,11275,11275,11275,11275,11275,0.323
519,"(0.318, 0.328]",8.0,9445,9445,9445,9445,9445,0.323
520,"(0.318, 0.328]",9.0,6523,6523,6523,6523,6523,0.323
521,"(0.318, 0.328]",10.0,5221,5221,5221,5221,5221,0.323
522,"(0.318, 0.328]",11.0,3852,3852,3852,3852,3852,0.323
523,"(0.318, 0.328]",12.0,2931,2931,2931,2931,2931,0.323
524,"(0.318, 0.328]",13.0,2352,2352,2352,2352,2352,0.323
525,"(0.318, 0.328]",14.0,1912,1912,1912,1912,1912,0.323
526,"(0.318, 0.328]",15.0,1580,1580,1580,1580,1580,0.323
527,"(0.318, 0.328]",16.0,1225,1225,1225,1225,1225,0.323
528,"(0.328, 0.338]",1.0,0,0,0,0,0,0.333
529,"(0.328, 0.338]",2.0,30201,30201,30201,30201,30201,0.333
530,"(0.328, 0.338]",3.0,20497,20497,20497,20497,20497,0.333
531,"(0.328, 0.338]",4.0,13487,13487,13487,13487,13487,0.333
532,"(0.328, 0.338]",5.0,15243,15243,15243,15243,15243,0.333
533,"(0.328, 0.338]",6.0,10670,10670,10670,10670,10670,0.333
534,"(0.328, 0.338]",7.0,10292,10292,10292,10292,10292,0.333
535,"(0.328, 0.338]",8.0,8056,8056,8056,8056,8056,0.333
536,"(0.328, 0.338]",9.0,5845,5845,5845,5845,5845,0.333
537,"(0.328, 0.338]",10.0,4490,4490,4490,4490,4490,0.333
538,"(0.328, 0.338]",11.0,3440,3440,3440,3440,3440,0.333
539,"(0.328, 0.338]",12.0,2551,2551,2551,2551,2551,0.333
540,"(0.328, 0.338]",13.0,2046,2046,2046,2046,2046,0.333
541,"(0.328, 0.338]",14.0,1637,1637,1637,1637,1637,0.333
542,"(0.328, 0.338]",15.0,1355,1355,1355,1355,1355,0.333
543,"(0.328, 0.338]",16.0,1096,1096,1096,1096,1096,0.333
544,"(0.338, 0.348]",1.0,0,0,0,0,0,0.34299999999999997
545,"(0.338, 0.348]",2.0,28781,28781,28781,28781,28781,0.34299999999999997
546,"(0.338, 0.348]",3.0,18326,18326,18326,18326,18326,0.34299999999999997
547,"(0.338, 0.348]",4.0,11275,11275,11275,11275,11275,0.34299999999999997
548,"(0.338, 0.348]",5.0,13310,13310,13310,13310,13310,0.34299999999999997
549,"(0.338, 0.348]",6.0,9580,9580,9580,9580,9580,0.34299999999999997
550,"(0.338, 0.348]",7.0,8909,8909,8909,8909,8909,0.34299999999999997
551,"(0.338, 0.348]",8.0,7075,7075,7075,7075,7075,0.34299999999999997
552,"(0.338, 0.348]",9.0,5035,5035,5035,5035,5035,0.34299999999999997
553,"(0.338, 0.348]",10.0,4072,4072,4072,4072,4072,0.34299999999999997
554,"(0.338, 0.348]",11.0,3065,3065,3065,3065,3065,0.34299999999999997
555,"(0.338, 0.348]",12.0,2238,2238,2238,2238,2238,0.34299999999999997
556,"(0.338, 0.348]",13.0,1927,1927,1927,1927,1927,0.34299999999999997
557,"(0.338, 0.348]",14.0,1491,1491,1491,1491,1491,0.34299999999999997
558,"(0.338, 0.348]",15.0,1173,1173,1173,1173,1173,0.34299999999999997
559,"(0.338, 0.348]",16.0,908,908,908,908,908,0.34299999999999997
560,"(0.348, 0.359]",1.0,0,0,0,0,0,0.3535
561,"(0.348, 0.359]",2.0,25500,25500,25500,25500,25500,0.3535
562,"(0.348, 0.359]",3.0,15770,15770,15770,15770,15770,0.3535
563,"(0.348, 0.359]",4.0,9611,9611,9611,9611,9611,0.3535
564,"(0.348, 0.359]",5.0,11703,11703,11703,11703,11703,0.3535
565,"(0.348, 0.359]",6.0,8560,8560,8560,8560,8560,0.3535
566,"(0.348, 0.359]",7.0,7839,7839,7839,7839,7839,0.3535
567,"(0.348, 0.359]",8.0,6063,6063,6063,6063,6063,0.3535
568,"(0.348, 0.359]",9.0,4723,4723,4723,4723,4723,0.3535
569,"(0.348, 0.359]",10.0,3445,3445,3445,3445,3445,0.3535
570,"(0.348, 0.359]",11.0,2866,2866,2866,2866,2866,0.3535
571,"(0.348, 0.359]",12.0,1889,1889,1889,1889,1889,0.3535
572,"(0.348, 0.359]",13.0,1593,1593,1593,1593,1593,0.3535
573,"(0.348, 0.359]",14.0,1247,1247,1247,1247,1247,0.3535
574,"(0.348, 0.359]",15.0,1039,1039,1039,1039,1039,0.3535
575,"(0.348, 0.359]",16.0,877,877,877,877,877,0.3535
576,"(0.359, 0.369]",1.0,0,0,0,0,0,0.364
577,"(0.359, 0.369]",2.0,20840,20840,20840,20840,20840,0.364
578,"(0.359, 0.369]",3.0,13754,13754,13754,13754,13754,0.364
579,"(0.359, 0.369]",4.0,8517,8517,8517,8517,8517,0.364
580,"(0.359, 0.369]",5.0,10352,10352,10352,10352,10352,0.364
581,"(0.359, 0.369]",6.0,7155,7155,7155,7155,7155,0.364
582,"(0.359, 0.369]",7.0,6815,6815,6815,6815,6815,0.364
583,"(0.359, 0.369]",8.0,5469,5469,5469,5469,5469,0.364
584,"(0.359, 0.369]",9.0,3883,3883,3883,3883,3883,0.364
585,"(0.359, 0.369]",10.0,3030,3030,3030,3030,3030,0.364
586,"(0.359, 0.369]",11.0,2254,2254,2254,2254,2254,0.364
587,"(0.359, 0.369]",12.0,1689,1689,1689,1689,1689,0.364
588,"(0.359, 0.369]",13.0,1390,1390,1390,1390,1390,0.364
589,"(0.359, 0.369]",14.0,1144,1144,1144,1144,1144,0.364
590,"(0.359, 0.369]",15.0,909,909,909,909,909,0.364
591,"(0.359, 0.369]",16.0,718,718,718,718,718,0.364
592,"(0.369, 0.379]",1.0,0,0,0,0,0,0.374
593,"(0.369, 0.379]",2.0,18152,18152,18152,18152,18152,0.374
594,"(0.369, 0.379]",3.0,12179,12179,12179,12179,12179,0.374
595,"(0.369, 0.379]",4.0,7378,7378,7378,7378,7378,0.374
596,"(0.369, 0.379]",5.0,8965,8965,8965,8965,8965,0.374
597,"(0.369, 0.379]",6.0,6451,6451,6451,6451,6451,0.374
598,"(0.369, 0.379]",7.0,6269,6269,6269,6269,6269,0.374
599,"(0.369, 0.379]",8.0,4886,4886,4886,4886,4886,0.374
600,"(0.369, 0.379]",9.0,3411,3411,3411,3411,3411,0.374
601,"(0.369, 0.379]",10.0,2765,2765,2765,2765,2765,0.374
602,"(0.369, 0.379]",11.0,2060,2060,2060,2060,2060,0.374
603,"(0.369, 0.379]",12.0,1488,1488,1488,1488,1488,0.374
604,"(0.369, 0.379]",13.0,1262,1262,1262,1262,1262,0.374
605,"(0.369, 0.379]",14.0,940,940,940,940,940,0.374
606,"(0.369, 0.379]",15.0,830,830,830,830,830,0.374
607,"(0.369, 0.379]",16.0,615,615,615,615,615,0.374
608,"(0.379, 0.389]",1.0,0,0,0,0,0,0.384
609,"(0.379, 0.389]",2.0,15875,15875,15875,15875,15875,0.384
610,"(0.379, 0.389]",3.0,10542,10542,10542,10542,10542,0.384
611,"(0.379, 0.389]",4.0,6473,6473,6473,6473,6473,0.384
612,"(0.379, 0.389]",5.0,7865,7865,7865,7865,7865,0.384
613,"(0.379, 0.389]",6.0,5870,5870,5870,5870,5870,0.384
614,"(0.379, 0.389]",7.0,5354,5354,5354,5354,5354,0.384
615,"(0.379, 0.389]",8.0,4248,4248,4248,4248,4248,0.384
616,"(0.379, 0.389]",9.0,3192,3192,3192,3192,3192,0.384
617,"(0.379, 0.389]",10.0,2390,2390,2390,2390,2390,0.384
618,"(0.379, 0.389]",11.0,1707,1707,1707,1707,1707,0.384
619,"(0.379, 0.389]",12.0,1323,1323,1323,1323,1323,0.384
620,"(0.379, 0.389]",13.0,1176,1176,1176,1176,1176,0.384
621,"(0.379, 0.389]",14.0,845,845,845,845,845,0.384
622,"(0.379, 0.389]",15.0,656,656,656,656,656,0.384
623,"(0.379, 0.389]",16.0,527,527,527,527,527,0.384
624,"(0.389, 0.399]",1.0,0,0,0,0,0,0.394
625,"(0.389, 0.399]",2.0,13647,13647,13647,13647,13647,0.394
626,"(0.389, 0.399]",3.0,9423,9423,9423,9423,9423,0.394
627,"(0.389, 0.399]",4.0,5585,5585,5585,5585,5585,0.394
628,"(0.389, 0.399]",5.0,7053,7053,7053,7053,7053,0.394
629,"(0.389, 0.399]",6.0,5126,5126,5126,5126,5126,0.394
630,"(0.389, 0.399]",7.0,5637,5637,5637,5637,5637,0.394
631,"(0.389, 0.399]",8.0,3780,3780,3780,3780,3780,0.394
632,"(0.389, 0.399]",9.0,2766,2766,2766,2766,2766,0.394
633,"(0.389, 0.399]",10.0,2094,2094,2094,2094,2094,0.394
634,"(0.389, 0.399]",11.0,1498,1498,1498,1498,1498,0.394
635,"(0.389, 0.399]",12.0,1175,1175,1175,1175,1175,0.394
636,"(0.389, 0.399]",13.0,942,942,942,942,942,0.394
637,"(0.389, 0.399]",14.0,728,728,728,728,728,0.394
638,"(0.389, 0.399]",15.0,597,597,597,597,597,0.394
639,"(0.389, 0.399]",16.0,489,489,489,489,489,0.394
640,"(0.399, 0.409]",1.0,0,0,0,0,0,0.404
641,"(0.399, 0.409]",2.0,12414,12414,12414,12414,12414,0.404
642,"(0.399, 0.409]",3.0,8531,8531,8531,8531,8531,0.404
643,"(0.399, 0.409]",4.0,4933,4933,4933,4933,4933,0.404
644,"(0.399, 0.409]",5.0,6145,6145,6145,6145,6145,0.404
645,"(0.399, 0.409]",6.0,4413,4413,4413,4413,4413,0.404
646,"(0.399, 0.409]",7.0,4386,4386,4386,4386,4386,0.404
647,"(0.399, 0.409]",8.0,3527,3527,3527,3527,3527,0.404
648,"(0.399, 0.409]",9.0,2352,2352,2352,2352,2352,0.404
649,"(0.399, 0.409]",10.0,1867,1867,1867,1867,1867,0.404
650,"(0.399, 0.409]",11.0,1443,1443,1443,1443,1443,0.404
651,"(0.399, 0.409]",12.0,1091,1091,1091,1091,1091,0.404
652,"(0.399, 0.409]",13.0,789,789,789,789,789,0.404
653,"(0.399, 0.409]",14.0,643,643,643,643,643,0.404
654,"(0.399, 0.409]",15.0,538,538,538,538,538,0.404
655,"(0.399, 0.409]",16.0,440,440,440,440,440,0.404
656,"(0.409, 0.419]",1.0,0,0,0,0,0,0.414
657,"(0.409, 0.419]",2.0,10759,10759,10759,10759,10759,0.414
658,"(0.409, 0.419]",3.0,7357,7357,7357,7357,7357,0.414
659,"(0.409, 0.419]",4.0,4466,4466,4466,4466,4466,0.414
660,"(0.409, 0.419]",5.0,5498,5498,5498,5498,5498,0.414
661,"(0.409, 0.419]",6.0,4172,4172,4172,4172,4172,0.414
662,"(0.409, 0.419]",7.0,4098,4098,4098,4098,4098,0.414
663,"(0.409, 0.419]",8.0,2949,2949,2949,2949,2949,0.414
664,"(0.409, 0.419]",9.0,2155,2155,2155,2155,2155,0.414
665,"(0.409, 0.419]",10.0,1639,1639,1639,1639,1639,0.414
666,"(0.409, 0.419]",11.0,1205,1205,1205,1205,1205,0.414
667,"(0.409, 0.419]",12.0,933,933,933,933,933,0.414
668,"(0.409, 0.419]",13.0,697,697,697,697,697,0.414
669,"(0.409, 0.419]",14.0,591,591,591,591,591,0.414
670,"(0.409, 0.419]",15.0,480,480,480,480,480,0.414
671,"(0.409, 0.419]",16.0,382,382,382,382,382,0.414
672,"(0.419, 0.429]",1.0,0,0,0,0,0,0.424
673,"(0.419, 0.429]",2.0,10719,10719,10719,10719,10719,0.424
674,"(0.419, 0.429]",3.0,6673,6673,6673,6673,6673,0.424
675,"(0.419, 0.429]",4.0,4034,4034,4034,4034,4034,0.424
676,"(0.419, 0.429]",5.0,5170,5170,5170,5170,5170,0.424
677,"(0.419, 0.429]",6.0,3607,3607,3607,3607,3607,0.424
678,"(0.419, 0.429]",7.0,3506,3506,3506,3506,3506,0.424
679,"(0.419, 0.429]",8.0,2672,2672,2672,2672,2672,0.424
680,"(0.419, 0.429]",9.0,1935,1935,1935,1935,1935,0.424
681,"(0.419, 0.429]",10.0,3134,3134,3134,3134,3134,0.424
682,"(0.419, 0.429]",11.0,1111,1111,1111,1111,1111,0.424
683,"(0.419, 0.429]",12.0,876,876,876,876,876,0.424
684,"(0.419, 0.429]",13.0,683,683,683,683,683,0.424
685,"(0.419, 0.429]",14.0,492,492,492,492,492,0.424
686,"(0.419, 0.429]",15.0,448,448,448,448,448,0.424
687,"(0.419, 0.429]",16.0,324,324,324,324,324,0.424
688,"(0.429, 0.439]",1.0,0,0,0,0,0,0.434
689,"(0.429, 0.439]",2.0,9241,9241,9241,9241,9241,0.434
690,"(0.429, 0.439]",3.0,5974,5974,5974,5974,5974,0.434
691,"(0.429, 0.439]",4.0,3610,3610,3610,3610,3610,0.434
692,"(0.429, 0.439]",5.0,4500,4500,4500,4500,4500,0.434
693,"(0.429, 0.439]",6.0,3252,3252,3252,3252,3252,0.434
694,"(0.429, 0.439]",7.0,3340,3340,3340,3340,3340,0.434
695,"(0.429, 0.439]",8.0,2535,2535,2535,2535,2535,0.434
696,"(0.429, 0.439]",9.0,1700,1700,1700,1700,1700,0.434
697,"(0.429, 0.439]",10.0,1380,1380,1380,1380,1380,0.434
698,"(0.429, 0.439]",11.0,927,927,927,927,927,0.434
699,"(0.429, 0.439]",12.0,720,720,720,720,720,0.434
700,"(0.429, 0.439]",13.0,570,570,570,570,570,0.434
701,"(0.429, 0.439]",14.0,456,456,456,456,456,0.434
702,"(0.429, 0.439]",15.0,388,388,388,388,388,0.434
703,"(0.429, 0.439]",16.0,306,306,306,306,306,0.434
704,"(0.439, 0.449]",1.0,0,0,0,0,0,0.444
705,"(0.439, 0.449]",2.0,8388,8388,8388,8388,8388,0.444
706,"(0.439, 0.449]",3.0,5796,5796,5796,5796,5796,0.444
707,"(0.439, 0.449]",4.0,3428,3428,3428,3428,3428,0.444
708,"(0.439, 0.449]",5.0,4258,4258,4258,4258,4258,0.444
709,"(0.439, 0.449]",6.0,3027,3027,3027,3027,3027,0.444
710,"(0.439, 0.449]",7.0,3170,3170,3170,3170,3170,0.444
711,"(0.439, 0.449]",8.0,2324,2324,2324,2324,2324,0.444
712,"(0.439, 0.449]",9.0,1590,1590,1590,1590,1590,0.444
713,"(0.439, 0.449]",10.0,1234,1234,1234,1234,1234,0.444
714,"(0.439, 0.449]",11.0,956,956,956,956,956,0.444
715,"(0.439, 0.449]",12.0,720,720,720,720,720,0.444
716,"(0.439, 0.449]",13.0,589,589,589,589,589,0.444
717,"(0.439, 0.449]",14.0,417,417,417,417,417,0.444
718,"(0.439, 0.449]",15.0,353,353,353,353,353,0.444
719,"(0.439, 0.449]",16.0,282,282,282,282,282,0.444
720,"(0.449, 0.46]",1.0,0,0,0,0,0,0.4545
721,"(0.449, 0.46]",2.0,8977,8977,8977,8977,8977,0.4545
722,"(0.449, 0.46]",3.0,6170,6170,6170,6170,6170,0.4545
723,"(0.449, 0.46]",4.0,3560,3560,3560,3560,3560,0.4545
724,"(0.449, 0.46]",5.0,4512,4512,4512,4512,4512,0.4545
725,"(0.449, 0.46]",6.0,3172,3172,3172,3172,3172,0.4545
726,"(0.449, 0.46]",7.0,3405,3405,3405,3405,3405,0.4545
727,"(0.449, 0.46]",8.0,2494,2494,2494,2494,2494,0.4545
728,"(0.449, 0.46]",9.0,1662,1662,1662,1662,1662,0.4545
729,"(0.449, 0.46]",10.0,1373,1373,1373,1373,1373,0.4545
730,"(0.449, 0.46]",11.0,971,971,971,971,971,0.4545
731,"(0.449, 0.46]",12.0,807,807,807,807,807,0.4545
732,"(0.449, 0.46]",13.0,572,572,572,572,572,0.4545
733,"(0.449, 0.46]",14.0,414,414,414,414,414,0.4545
734,"(0.449, 0.46]",15.0,352,352,352,352,352,0.4545
735,"(0.449, 0.46]",16.0,274,274,274,274,274,0.4545
736,"(0.46, 0.47]",1.0,0,0,0,0,0,0.46499999999999997
737,"(0.46, 0.47]",2.0,11426,11426,11426,11426,11426,0.46499999999999997
738,"(0.46, 0.47]",3.0,7120,7120,7120,7120,7120,0.46499999999999997
739,"(0.46, 0.47]",4.0,3340,3340,3340,3340,3340,0.46499999999999997
740,"(0.46, 0.47]",5.0,4773,4773,4773,4773,4773,0.46499999999999997
741,"(0.46, 0.47]",6.0,3251,3251,3251,3251,3251,0.46499999999999997
742,"(0.46, 0.47]",7.0,3312,3312,3312,3312,3312,0.46499999999999997
743,"(0.46, 0.47]",8.0,2327,2327,2327,2327,2327,0.46499999999999997
744,"(0.46, 0.47]",9.0,1581,1581,1581,1581,1581,0.46499999999999997
745,"(0.46, 0.47]",10.0,1395,1395,1395,1395,1395,0.46499999999999997
746,"(0.46, 0.47]",11.0,960,960,960,960,960,0.46499999999999997
747,"(0.46, 0.47]",12.0,762,762,762,762,762,0.46499999999999997
748,"(0.46, 0.47]",13.0,576,576,576,576,576,0.46499999999999997
749,"(0.46, 0.47]",14.0,795,795,795,795,795,0.46499999999999997
750,"(0.46, 0.47]",15.0,331,331,331,331,331,0.46499999999999997
751,"(0.46, 0.47]",16.0,274,274,274,274,274,0.46499999999999997
752,"(0.47, 0.48]",1.0,0,0,0,0,0,0.475
753,"(0.47, 0.48]",2.0,7815,7815,7815,7815,7815,0.475
754,"(0.47, 0.48]",3.0,5244,5244,5244,5244,5244,0.475
755,"(0.47, 0.48]",4.0,2902,2902,2902,2902,2902,0.475
756,"(0.47, 0.48]",5.0,3823,3823,3823,3823,3823,0.475
757,"(0.47, 0.48]",6.0,2736,2736,2736,2736,2736,0.475
758,"(0.47, 0.48]",7.0,2881,2881,2881,2881,2881,0.475
759,"(0.47, 0.48]",8.0,2114,2114,2114,2114,2114,0.475
760,"(0.47, 0.48]",9.0,1454,1454,1454,1454,1454,0.475
761,"(0.47, 0.48]",10.0,1113,1113,1113,1113,1113,0.475
762,"(0.47, 0.48]",11.0,826,826,826,826,826,0.475
763,"(0.47, 0.48]",12.0,586,586,586,586,586,0.475
764,"(0.47, 0.48]",13.0,458,458,458,458,458,0.475
765,"(0.47, 0.48]",14.0,384,384,384,384,384,0.475
766,"(0.47, 0.48]",15.0,305,305,305,305,305,0.475
767,"(0.47, 0.48]",16.0,230,230,230,230,230,0.475
768,"(0.48, 0.49]",1.0,0,0,0,0,0,0.485
769,"(0.48, 0.49]",2.0,13738,13738,13738,13738,13738,0.485
770,"(0.48, 0.49]",3.0,8372,8372,8372,8372,8372,0.485
771,"(0.48, 0.49]",4.0,3977,3977,3977,3977,3977,0.485
772,"(0.48, 0.49]",5.0,5079,5079,5079,5079,5079,0.485
773,"(0.48, 0.49]",6.0,3657,3657,3657,3657,3657,0.485
774,"(0.48, 0.49]",7.0,3786,3786,3786,3786,3786,0.485
775,"(0.48, 0.49]",8.0,2685,2685,2685,2685,2685,0.485
776,"(0.48, 0.49]",9.0,1791,1791,1791,1791,1791,0.485
777,"(0.48, 0.49]",10.0,1540,1540,1540,1540,1540,0.485
778,"(0.48, 0.49]",11.0,984,984,984,984,984,0.485
779,"(0.48, 0.49]",12.0,781,781,781,781,781,0.485
780,"(0.48, 0.49]",13.0,659,659,659,659,659,0.485
781,"(0.48, 0.49]",14.0,503,503,503,503,503,0.485
782,"(0.48, 0.49]",15.0,434,434,434,434,434,0.485
783,"(0.48, 0.49]",16.0,315,315,315,315,315,0.485
784,"(0.49, 0.5]",1.0,0,0,0,0,0,0.495
785,"(0.49, 0.5]",2.0,5016,5016,5016,5016,5016,0.495
786,"(0.49, 0.5]",3.0,3379,3379,3379,3379,3379,0.495
787,"(0.49, 0.5]",4.0,1904,1904,1904,1904,1904,0.495
788,"(0.49, 0.5]",5.0,2823,2823,2823,2823,2823,0.495
789,"(0.49, 0.5]",6.0,1858,1858,1858,1858,1858,0.495
790,"(0.49, 0.5]",7.0,1905,1905,1905,1905,1905,0.495
791,"(0.49, 0.5]",8.0,1340,1340,1340,1340,1340,0.495
792,"(0.49, 0.5]",9.0,919,919,919,919,919,0.495
793,"(0.49, 0.5]",10.0,752,752,752,752,752,0.495
794,"(0.49, 0.5]",11.0,579,579,579,579,579,0.495
795,"(0.49, 0.5]",12.0,443,443,443,443,443,0.495
796,"(0.49, 0.5]",13.0,305,305,305,305,305,0.495
797,"(0.49, 0.5]",14.0,241,241,241,241,241,0.495
798,"(0.49, 0.5]",15.0,187,187,187,187,187,0.495
799,"(0.49, 0.5]",16.0,143,143,143,143,143,0.495
800,"(0.5, 0.51]",1.0,0,0,0,0,0,0.505
801,"(0.5, 0.51]",2.0,4622,4622,4622,4622,4622,0.505
802,"(0.5, 0.51]",3.0,3161,3161,3161,3161,3161,0.505
803,"(0.5, 0.51]",4.0,1837,1837,1837,1837,1837,0.505
804,"(0.5, 0.51]",5.0,2357,2357,2357,2357,2357,0.505
805,"(0.5, 0.51]",6.0,1812,1812,1812,1812,1812,0.505
806,"(0.5, 0.51]",7.0,1764,1764,1764,1764,1764,0.505
807,"(0.5, 0.51]",8.0,1372,1372,1372,1372,1372,0.505
808,"(0.5, 0.51]",9.0,894,894,894,894,894,0.505
809,"(0.5, 0.51]",10.0,668,668,668,668,668,0.505
810,"(0.5, 0.51]",11.0,524,524,524,524,524,0.505
811,"(0.5, 0.51]",12.0,381,381,381,381,381,0.505
812,"(0.5, 0.51]",13.0,284,284,284,284,284,0.505
813,"(0.5, 0.51]",14.0,203,203,203,203,203,0.505
814,"(0.5, 0.51]",15.0,178,178,178,178,178,0.505
815,"(0.5, 0.51]",16.0,156,156,156,156,156,0.505
816,"(0.51, 0.52]",1.0,0,0,0,0,0,0.515
817,"(0.51, 0.52]",2.0,6537,6537,6537,6537,6537,0.515
818,"(0.51, 0.52]",3.0,4105,4105,4105,4105,4105,0.515
819,"(0.51, 0.52]",4.0,2230,2230,2230,2230,2230,0.515
820,"(0.51, 0.52]",5.0,2718,2718,2718,2718,2718,0.515
821,"(0.51, 0.52]",6.0,1950,1950,1950,1950,1950,0.515
822,"(0.51, 0.52]",7.0,1952,1952,1952,1952,1952,0.515
823,"(0.51, 0.52]",8.0,1472,1472,1472,1472,1472,0.515
824,"(0.51, 0.52]",9.0,953,953,953,953,953,0.515
825,"(0.51, 0.52]",10.0,834,834,834,834,834,0.515
826,"(0.51, 0.52]",11.0,596,596,596,596,596,0.515
827,"(0.51, 0.52]",12.0,429,429,429,429,429,0.515
828,"(0.51, 0.52]",13.0,350,350,350,350,350,0.515
829,"(0.51, 0.52]",14.0,283,283,283,283,283,0.515
830,"(0.51, 0.52]",15.0,234,234,234,234,234,0.515
831,"(0.51, 0.52]",16.0,186,186,186,186,186,0.515
832,"(0.52, 0.53]",1.0,0,0,0,0,0,0.525
833,"(0.52, 0.53]",2.0,3676,3676,3676,3676,3676,0.525
834,"(0.52, 0.53]",3.0,2477,2477,2477,2477,2477,0.525
835,"(0.52, 0.53]",4.0,1476,1476,1476,1476,1476,0.525
836,"(0.52, 0.53]",5.0,1816,1816,1816,1816,1816,0.525
837,"(0.52, 0.53]",6.0,1325,1325,1325,1325,1325,0.525
838,"(0.52, 0.53]",7.0,1325,1325,1325,1325,1325,0.525
839,"(0.52, 0.53]",8.0,975,975,975,975,975,0.525
840,"(0.52, 0.53]",9.0,709,709,709,709,709,0.525
841,"(0.52, 0.53]",10.0,516,516,516,516,516,0.525
842,"(0.52, 0.53]",11.0,388,388,388,388,388,0.525
843,"(0.52, 0.53]",12.0,319,319,319,319,319,0.525
844,"(0.52, 0.53]",13.0,263,263,263,263,263,0.525
845,"(0.52, 0.53]",14.0,190,190,190,190,190,0.525
846,"(0.52, 0.53]",15.0,141,141,141,141,141,0.525
847,"(0.52, 0.53]",16.0,127,127,127,127,127,0.525
848,"(0.53, 0.54]",1.0,0,0,0,0,0,0.535
849,"(0.53, 0.54]",2.0,3319,3319,3319,3319,3319,0.535
850,"(0.53, 0.54]",3.0,2149,2149,2149,2149,2149,0.535
851,"(0.53, 0.54]",4.0,1250,1250,1250,1250,1250,0.535
852,"(0.53, 0.54]",5.0,1901,1901,1901,1901,1901,0.535
853,"(0.53, 0.54]",6.0,1229,1229,1229,1229,1229,0.535
854,"(0.53, 0.54]",7.0,1249,1249,1249,1249,1249,0.535
855,"(0.53, 0.54]",8.0,909,909,909,909,909,0.535
856,"(0.53, 0.54]",9.0,629,629,629,629,629,0.535
857,"(0.53, 0.54]",10.0,498,498,498,498,498,0.535
858,"(0.53, 0.54]",11.0,322,322,322,322,322,0.535
859,"(0.53, 0.54]",12.0,300,300,300,300,300,0.535
860,"(0.53, 0.54]",13.0,199,199,199,199,199,0.535
861,"(0.53, 0.54]",14.0,165,165,165,165,165,0.535
862,"(0.53, 0.54]",15.0,148,148,148,148,148,0.535
863,"(0.53, 0.54]",16.0,105,105,105,105,105,0.535
864,"(0.54, 0.55]",1.0,0,0,0,0,0,0.545
865,"(0.54, 0.55]",2.0,3109,3109,3109,3109,3109,0.545
866,"(0.54, 0.55]",3.0,2064,2064,2064,2064,2064,0.545
867,"(0.54, 0.55]",4.0,1202,1202,1202,1202,1202,0.545
868,"(0.54, 0.55]",5.0,1508,1508,1508,1508,1508,0.545
869,"(0.54, 0.55]",6.0,1164,1164,1164,1164,1164,0.545
870,"(0.54, 0.55]",7.0,1166,1166,1166,1166,1166,0.545
871,"(0.54, 0.55]",8.0,842,842,842,842,842,0.545
872,"(0.54, 0.55]",9.0,590,590,590,590,590,0.545
873,"(0.54, 0.55]",10.0,446,446,446,446,446,0.545
874,"(0.54, 0.55]",11.0,330,330,330,330,330,0.545
875,"(0.54, 0.55]",12.0,241,241,241,241,241,0.545
876,"(0.54, 0.55]",13.0,194,194,194,194,194,0.545
877,"(0.54, 0.55]",14.0,147,147,147,147,147,0.545
878,"(0.54, 0.55]",15.0,104,104,104,104,104,0.545
879,"(0.54, 0.55]",16.0,93,93,93,93,93,0.545
880,"(0.55, 0.561]",1.0,0,0,0,0,0,0.5555000000000001
881,"(0.55, 0.561]",2.0,2956,2956,2956,2956,2956,0.5555000000000001
882,"(0.55, 0.561]",3.0,1871,1871,1871,1871,1871,0.5555000000000001
883,"(0.55, 0.561]",4.0,1030,1030,1030,1030,1030,0.5555000000000001
884,"(0.55, 0.561]",5.0,1438,1438,1438,1438,1438,0.5555000000000001
885,"(0.55, 0.561]",6.0,1058,1058,1058,1058,1058,0.5555000000000001
886,"(0.55, 0.561]",7.0,1049,1049,1049,1049,1049,0.5555000000000001
887,"(0.55, 0.561]",8.0,746,746,746,746,746,0.5555000000000001
888,"(0.55, 0.561]",9.0,509,509,509,509,509,0.5555000000000001
889,"(0.55, 0.561]",10.0,396,396,396,396,396,0.5555000000000001
890,"(0.55, 0.561]",11.0,340,340,340,340,340,0.5555000000000001
891,"(0.55, 0.561]",12.0,212,212,212,212,212,0.5555000000000001
892,"(0.55, 0.561]",13.0,198,198,198,198,198,0.5555000000000001
893,"(0.55, 0.561]",14.0,143,143,143,143,143,0.5555000000000001
894,"(0.55, 0.561]",15.0,119,119,119,119,119,0.5555000000000001
895,"(0.55, 0.561]",16.0,90,90,90,90,90,0.5555000000000001
896,"(0.561, 0.571]",1.0,0,0,0,0,0,0.5660000000000001
897,"(0.561, 0.571]",2.0,2854,2854,2854,2854,2854,0.5660000000000001
898,"(0.561, 0.571]",3.0,1796,1796,1796,1796,1796,0.5660000000000001
899,"(0.561, 0.571]",4.0,1079,1079,1079,1079,1079,0.5660000000000001
900,"(0.561, 0.571]",5.0,1371,1371,1371,1371,1371,0.5660000000000001
901,"(0.561, 0.571]",6.0,949,949,949,949,949,0.5660000000000001
902,"(0.561, 0.571]",7.0,1008,1008,1008,1008,1008,0.5660000000000001
903,"(0.561, 0.571]",8.0,766,766,766,766,766,0.5660000000000001
904,"(0.561, 0.571]",9.0,500,500,500,500,500,0.5660000000000001
905,"(0.561, 0.571]",10.0,393,393,393,393,393,0.5660000000000001
906,"(0.561, 0.571]",11.0,294,294,294,294,294,0.5660000000000001
907,"(0.561, 0.571]",12.0,187,187,187,187,187,0.5660000000000001
908,"(0.561, 0.571]",13.0,171,171,171,171,171,0.5660000000000001
909,"(0.561, 0.571]",14.0,124,124,124,124,124,0.5660000000000001
910,"(0.561, 0.571]",15.0,111,111,111,111,111,0.5660000000000001
911,"(0.561, 0.571]",16.0,79,79,79,79,79,0.5660000000000001
912,"(0.571, 0.581]",1.0,0,0,0,0,0,0.576
913,"(0.571, 0.581]",2.0,2546,2546,2546,2546,2546,0.576
914,"(0.571, 0.581]",3.0,1635,1635,1635,1635,1635,0.576
915,"(0.571, 0.581]",4.0,914,914,914,914,914,0.576
916,"(0.571, 0.581]",5.0,1229,1229,1229,1229,1229,0.576
917,"(0.571, 0.581]",6.0,912,912,912,912,912,0.576
918,"(0.571, 0.581]",7.0,913,913,913,913,913,0.576
919,"(0.571, 0.581]",8.0,671,671,671,671,671,0.576
920,"(0.571, 0.581]",9.0,482,482,482,482,482,0.576
921,"(0.571, 0.581]",10.0,363,363,363,363,363,0.576
922,"(0.571, 0.581]",11.0,253,253,253,253,253,0.576
923,"(0.571, 0.581]",12.0,196,196,196,196,196,0.576
924,"(0.571, 0.581]",13.0,156,156,156,156,156,0.576
925,"(0.571, 0.581]",14.0,115,115,115,115,115,0.576
926,"(0.571, 0.581]",15.0,90,90,90,90,90,0.576
927,"(0.571, 0.581]",16.0,69,69,69,69,69,0.576
928,"(0.581, 0.591]",1.0,0,0,0,0,0,0.586
929,"(0.581, 0.591]",2.0,2495,2495,2495,2495,2495,0.586
930,"(0.581, 0.591]",3.0,1485,1485,1485,1485,1485,0.586
931,"(0.581, 0.591]",4.0,805,805,805,805,805,0.586
932,"(0.581, 0.591]",5.0,1222,1222,1222,1222,1222,0.586
933,"(0.581, 0.591]",6.0,808,808,808,808,808,0.586
934,"(0.581, 0.591]",7.0,895,895,895,895,895,0.586
935,"(0.581, 0.591]",8.0,585,585,585,585,585,0.586
936,"(0.581, 0.591]",9.0,422,422,422,422,422,0.586
937,"(0.581, 0.591]",10.0,303,303,303,303,303,0.586
938,"(0.581, 0.591]",11.0,253,253,253,253,253,0.586
939,"(0.581, 0.591]",12.0,182,182,182,182,182,0.586
940,"(0.581, 0.591]",13.0,148,148,148,148,148,0.586
941,"(0.581, 0.591]",14.0,90,90,90,90,90,0.586
942,"(0.581, 0.591]",15.0,98,98,98,98,98,0.586
943,"(0.581, 0.591]",16.0,72,72,72,72,72,0.586
944,"(0.591, 0.601]",1.0,0,0,0,0,0,0.596
945,"(0.591, 0.601]",2.0,2355,2355,2355,2355,2355,0.596
946,"(0.591, 0.601]",3.0,1461,1461,1461,1461,1461,0.596
947,"(0.591, 0.601]",4.0,818,818,818,818,818,0.596
948,"(0.591, 0.601]",5.0,1090,1090,1090,1090,1090,0.596
949,"(0.591, 0.601]",6.0,730,730,730,730,730,0.596
950,"(0.591, 0.601]",7.0,832,832,832,832,832,0.596
951,"(0.591, 0.601]",8.0,549,549,549,549,549,0.596
952,"(0.591, 0.601]",9.0,378,378,378,378,378,0.596
953,"(0.591, 0.601]",10.0,280,280,280,280,280,0.596
954,"(0.591, 0.601]",11.0,209,209,209,209,209,0.596
955,"(0.591, 0.601]",12.0,146,146,146,146,146,0.596
956,"(0.591, 0.601]",13.0,157,157,157,157,157,0.596
957,"(0.591, 0.601]",14.0,86,86,86,86,86,0.596
958,"(0.591, 0.601]",15.0,82,82,82,82,82,0.596
959,"(0.591, 0.601]",16.0,78,78,78,78,78,0.596
960,"(0.601, 0.611]",1.0,0,0,0,0,0,0.606
961,"(0.601, 0.611]",2.0,2098,2098,2098,2098,2098,0.606
962,"(0.601, 0.611]",3.0,1284,1284,1284,1284,1284,0.606
963,"(0.601, 0.611]",4.0,804,804,804,804,804,0.606
964,"(0.601, 0.611]",5.0,1016,1016,1016,1016,1016,0.606
965,"(0.601, 0.611]",6.0,704,704,704,704,704,0.606
966,"(0.601, 0.611]",7.0,746,746,746,746,746,0.606
967,"(0.601, 0.611]",8.0,468,468,468,468,468,0.606
968,"(0.601, 0.611]",9.0,384,384,384,384,384,0.606
969,"(0.601, 0.611]",10.0,281,281,281,281,281,0.606
970,"(0.601, 0.611]",11.0,217,217,217,217,217,0.606
971,"(0.601, 0.611]",12.0,167,167,167,167,167,0.606
972,"(0.601, 0.611]",13.0,100,100,100,100,100,0.606
973,"(0.601, 0.611]",14.0,85,85,85,85,85,0.606
974,"(0.601, 0.611]",15.0,63,63,63,63,63,0.606
975,"(0.601, 0.611]",16.0,62,62,62,62,62,0.606
976,"(0.611, 0.621]",1.0,0,0,0,0,0,0.616
977,"(0.611, 0.621]",2.0,2025,2025,2025,2025,2025,0.616
978,"(0.611, 0.621]",3.0,1195,1195,1195,1195,1195,0.616
979,"(0.611, 0.621]",4.0,648,648,648,648,648,0.616
980,"(0.611, 0.621]",5.0,909,909,909,909,909,0.616
981,"(0.611, 0.621]",6.0,637,637,637,637,637,0.616
982,"(0.611, 0.621]",7.0,682,682,682,682,682,0.616
983,"(0.611, 0.621]",8.0,512,512,512,512,512,0.616
984,"(0.611, 0.621]",9.0,333,333,333,333,333,0.616
985,"(0.611, 0.621]",10.0,261,261,261,261,261,0.616
986,"(0.611, 0.621]",11.0,185,185,185,185,185,0.616
987,"(0.611, 0.621]",12.0,152,152,152,152,152,0.616
988,"(0.611, 0.621]",13.0,109,109,109,109,109,0.616
989,"(0.611, 0.621]",14.0,83,83,83,83,83,0.616
990,"(0.611, 0.621]",15.0,58,58,58,58,58,0.616
991,"(0.611, 0.621]",16.0,62,62,62,62,62,0.616
992,"(0.621, 0.631]",1.0,0,0,0,0,0,0.626
993,"(0.621, 0.631]",2.0,1871,1871,1871,1871,1871,0.626
994,"(0.621, 0.631]",3.0,1107,1107,1107,1107,1107,0.626
995,"(0.621, 0.631]",4.0,635,635,635,635,635,0.626
996,"(0.621, 0.631]",5.0,880,880,880,880,880,0.626
997,"(0.621, 0.631]",6.0,567,567,567,567,567,0.626
998,"(0.621, 0.631]",7.0,661,661,661,661,661,0.626
999,"(0.621, 0.631]",8.0,432,432,432,432,432,0.626
1000,"(0.621, 0.631]",9.0,299,299,299,299,299,0.626
1001,"(0.621, 0.631]",10.0,246,246,246,246,246,0.626
1002,"(0.621, 0.631]",11.0,191,191,191,191,191,0.626
1003,"(0.621, 0.631]",12.0,133,133,133,133,133,0.626
1004,"(0.621, 0.631]",13.0,103,103,103,103,103,0.626
1005,"(0.621, 0.631]",14.0,83,83,83,83,83,0.626
1006,"(0.621, 0.631]",15.0,68,68,68,68,68,0.626
1007,"(0.621, 0.631]",16.0,41,41,41,41,41,0.626
1008,"(0.631, 0.641]",1.0,0,0,0,0,0,0.636
1009,"(0.631, 0.641]",2.0,1759,1759,1759,1759,1759,0.636
1010,"(0.631, 0.641]",3.0,1022,1022,1022,1022,1022,0.636
1011,"(0.631, 0.641]",4.0,562,562,562,562,562,0.636
1012,"(0.631, 0.641]",5.0,811,811,811,811,811,0.636
1013,"(0.631, 0.641]",6.0,534,534,534,534,534,0.636
1014,"(0.631, 0.641]",7.0,608,608,608,608,608,0.636
1015,"(0.631, 0.641]",8.0,417,417,417,417,417,0.636
1016,"(0.631, 0.641]",9.0,288,288,288,288,288,0.636
1017,"(0.631, 0.641]",10.0,220,220,220,220,220,0.636
1018,"(0.631, 0.641]",11.0,158,158,158,158,158,0.636
1019,"(0.631, 0.641]",12.0,118,118,118,118,118,0.636
1020,"(0.631, 0.641]",13.0,87,87,87,87,87,0.636
1021,"(0.631, 0.641]",14.0,71,71,71,71,71,0.636
1022,"(0.631, 0.641]",15.0,68,68,68,68,68,0.636
1023,"(0.631, 0.641]",16.0,48,48,48,48,48,0.636
1024,"(0.641, 0.651]",1.0,0,0,0,0,0,0.646
1025,"(0.641, 0.651]",2.0,1626,1626,1626,1626,1626,0.646
1026,"(0.641, 0.651]",3.0,941,941,941,941,941,0.646
1027,"(0.641, 0.651]",4.0,500,500,500,500,500,0.646
1028,"(0.641, 0.651]",5.0,695,695,695,695,695,0.646
1029,"(0.641, 0.651]",6.0,472,472,472,472,472,0.646
1030,"(0.641, 0.651]",7.0,533,533,533,533,533,0.646
1031,"(0.641, 0.651]",8.0,329,329,329,329,329,0.646
1032,"(0.641, 0.651]",9.0,272,272,272,272,272,0.646
1033,"(0.641, 0.651]",10.0,196,196,196,196,196,0.646
1034,"(0.641, 0.651]",11.0,178,178,178,178,178,0.646
1035,"(0.641, 0.651]",12.0,103,103,103,103,103,0.646
1036,"(0.641, 0.651]",13.0,89,89,89,89,89,0.646
1037,"(0.641, 0.651]",14.0,55,55,55,55,55,0.646
1038,"(0.641, 0.651]",15.0,55,55,55,55,55,0.646
1039,"(0.641, 0.651]",16.0,48,48,48,48,48,0.646
1040,"(0.651, 0.662]",1.0,0,0,0,0,0,0.6565000000000001
1041,"(0.651, 0.662]",2.0,1446,1446,1446,1446,1446,0.6565000000000001
1042,"(0.651, 0.662]",3.0,874,874,874,874,874,0.6565000000000001
1043,"(0.651, 0.662]",4.0,509,509,509,509,509,0.6565000000000001
1044,"(0.651, 0.662]",5.0,629,629,629,629,629,0.6565000000000001
1045,"(0.651, 0.662]",6.0,476,476,476,476,476,0.6565000000000001
1046,"(0.651, 0.662]",7.0,542,542,542,542,542,0.6565000000000001
1047,"(0.651, 0.662]",8.0,338,338,338,338,338,0.6565000000000001
1048,"(0.651, 0.662]",9.0,244,244,244,244,244,0.6565000000000001
1049,"(0.651, 0.662]",10.0,192,192,192,192,192,0.6565000000000001
1050,"(0.651, 0.662]",11.0,150,150,150,150,150,0.6565000000000001
1051,"(0.651, 0.662]",12.0,88,88,88,88,88,0.6565000000000001
1052,"(0.651, 0.662]",13.0,71,71,71,71,71,0.6565000000000001
1053,"(0.651, 0.662]",14.0,59,59,59,59,59,0.6565000000000001
1054,"(0.651, 0.662]",15.0,59,59,59,59,59,0.6565000000000001
1055,"(0.651, 0.662]",16.0,31,31,31,31,31,0.6565000000000001
1056,"(0.662, 0.672]",1.0,0,0,0,0,0,0.667
1057,"(0.662, 0.672]",2.0,1452,1452,1452,1452,1452,0.667
1058,"(0.662, 0.672]",3.0,809,809,809,809,809,0.667
1059,"(0.662, 0.672]",4.0,513,513,513,513,513,0.667
1060,"(0.662, 0.672]",5.0,596,596,596,596,596,0.667
1061,"(0.662, 0.672]",6.0,421,421,421,421,421,0.667
1062,"(0.662, 0.672]",7.0,462,462,462,462,462,0.667
1063,"(0.662, 0.672]",8.0,301,301,301,301,301,0.667
1064,"(0.662, 0.672]",9.0,244,244,244,244,244,0.667
1065,"(0.662, 0.672]",10.0,182,182,182,182,182,0.667
1066,"(0.662, 0.672]",11.0,124,124,124,124,124,0.667
1067,"(0.662, 0.672]",12.0,99,99,99,99,99,0.667
1068,"(0.662, 0.672]",13.0,71,71,71,71,71,0.667
1069,"(0.662, 0.672]",14.0,54,54,54,54,54,0.667
1070,"(0.662, 0.672]",15.0,43,43,43,43,43,0.667
1071,"(0.662, 0.672]",16.0,36,36,36,36,36,0.667
1072,"(0.672, 0.682]",1.0,0,0,0,0,0,0.677
1073,"(0.672, 0.682]",2.0,1260,1260,1260,1260,1260,0.677
1074,"(0.672, 0.682]",3.0,742,742,742,742,742,0.677
1075,"(0.672, 0.682]",4.0,400,400,400,400,400,0.677
1076,"(0.672, 0.682]",5.0,545,545,545,545,545,0.677
1077,"(0.672, 0.682]",6.0,392,392,392,392,392,0.677
1078,"(0.672, 0.682]",7.0,454,454,454,454,454,0.677
1079,"(0.672, 0.682]",8.0,332,332,332,332,332,0.677
1080,"(0.672, 0.682]",9.0,199,199,199,199,199,0.677
1081,"(0.672, 0.682]",10.0,168,168,168,168,168,0.677
1082,"(0.672, 0.682]",11.0,113,113,113,113,113,0.677
1083,"(0.672, 0.682]",12.0,96,96,96,96,96,0.677
1084,"(0.672, 0.682]",13.0,87,87,87,87,87,0.677
1085,"(0.672, 0.682]",14.0,46,46,46,46,46,0.677
1086,"(0.672, 0.682]",15.0,34,34,34,34,34,0.677
1087,"(0.672, 0.682]",16.0,40,40,40,40,40,0.677
1088,"(0.682, 0.692]",1.0,0,0,0,0,0,0.687
1089,"(0.682, 0.692]",2.0,1255,1255,1255,1255,1255,0.687
1090,"(0.682, 0.692]",3.0,671,671,671,671,671,0.687
1091,"(0.682, 0.692]",4.0,376,376,376,376,376,0.687
1092,"(0.682, 0.692]",5.0,496,496,496,496,496,0.687
1093,"(0.682, 0.692]",6.0,355,355,355,355,355,0.687
1094,"(0.682, 0.692]",7.0,398,398,398,398,398,0.687
1095,"(0.682, 0.692]",8.0,317,317,317,317,317,0.687
1096,"(0.682, 0.692]",9.0,235,235,235,235,235,0.687
1097,"(0.682, 0.692]",10.0,150,150,150,150,150,0.687
1098,"(0.682, 0.692]",11.0,106,106,106,106,106,0.687
1099,"(0.682, 0.692]",12.0,77,77,77,77,77,0.687
1100,"(0.682, 0.692]",13.0,72,72,72,72,72,0.687
1101,"(0.682, 0.692]",14.0,69,69,69,69,69,0.687
1102,"(0.682, 0.692]",15.0,45,45,45,45,45,0.687
1103,"(0.682, 0.692]",16.0,40,40,40,40,40,0.687
1104,"(0.692, 0.702]",1.0,0,0,0,0,0,0.697
1105,"(0.692, 0.702]",2.0,1169,1169,1169,1169,1169,0.697
1106,"(0.692, 0.702]",3.0,663,663,663,663,663,0.697
1107,"(0.692, 0.702]",4.0,327,327,327,327,327,0.697
1108,"(0.692, 0.702]",5.0,453,453,453,453,453,0.697
1109,"(0.692, 0.702]",6.0,340,340,340,340,340,0.697
1110,"(0.692, 0.702]",7.0,426,426,426,426,426,0.697
1111,"(0.692, 0.702]",8.0,255,255,255,255,255,0.697
1112,"(0.692, 0.702]",9.0,185,185,185,185,185,0.697
1113,"(0.692, 0.702]",10.0,149,149,149,149,149,0.697
1114,"(0.692, 0.702]",11.0,94,94,94,94,94,0.697
1115,"(0.692, 0.702]",12.0,86,86,86,86,86,0.697
1116,"(0.692, 0.702]",13.0,59,59,59,59,59,0.697
1117,"(0.692, 0.702]",14.0,37,37,37,37,37,0.697
1118,"(0.692, 0.702]",15.0,22,22,22,22,22,0.697
1119,"(0.692, 0.702]",16.0,31,31,31,31,31,0.697
1120,"(0.702, 0.712]",1.0,0,0,0,0,0,0.707
1121,"(0.702, 0.712]",2.0,1122,1122,1122,1122,1122,0.707
1122,"(0.702, 0.712]",3.0,560,560,560,560,560,0.707
1123,"(0.702, 0.712]",4.0,298,298,298,298,298,0.707
1124,"(0.702, 0.712]",5.0,437,437,437,437,437,0.707
1125,"(0.702, 0.712]",6.0,316,316,316,316,316,0.707
1126,"(0.702, 0.712]",7.0,398,398,398,398,398,0.707
1127,"(0.702, 0.712]",8.0,244,244,244,244,244,0.707
1128,"(0.702, 0.712]",9.0,186,186,186,186,186,0.707
1129,"(0.702, 0.712]",10.0,112,112,112,112,112,0.707
1130,"(0.702, 0.712]",11.0,103,103,103,103,103,0.707
1131,"(0.702, 0.712]",12.0,86,86,86,86,86,0.707
1132,"(0.702, 0.712]",13.0,50,50,50,50,50,0.707
1133,"(0.702, 0.712]",14.0,47,47,47,47,47,0.707
1134,"(0.702, 0.712]",15.0,38,38,38,38,38,0.707
1135,"(0.702, 0.712]",16.0,28,28,28,28,28,0.707
1136,"(0.712, 0.722]",1.0,0,0,0,0,0,0.717
1137,"(0.712, 0.722]",2.0,1011,1011,1011,1011,1011,0.717
1138,"(0.712, 0.722]",3.0,577,577,577,577,577,0.717
1139,"(0.712, 0.722]",4.0,290,290,290,290,290,0.717
1140,"(0.712, 0.722]",5.0,410,410,410,410,410,0.717
1141,"(0.712, 0.722]",6.0,271,271,271,271,271,0.717
1142,"(0.712, 0.722]",7.0,341,341,341,341,341,0.717
1143,"(0.712, 0.722]",8.0,239,239,239,239,239,0.717
1144,"(0.712, 0.722]",9.0,174,174,174,174,174,0.717
1145,"(0.712, 0.722]",10.0,113,113,113,113,113,0.717
1146,"(0.712, 0.722]",11.0,93,93,93,93,93,0.717
1147,"(0.712, 0.722]",12.0,65,65,65,65,65,0.717
1148,"(0.712, 0.722]",13.0,55,55,55,55,55,0.717
1149,"(0.712, 0.722]",14.0,33,33,33,33,33,0.717
1150,"(0.712, 0.722]",15.0,26,26,26,26,26,0.717
1151,"(0.712, 0.722]",16.0,30,30,30,30,30,0.717
1152,"(0.722, 0.732]",1.0,0,0,0,0,0,0.727
1153,"(0.722, 0.732]",2.0,1071,1071,1071,1071,1071,0.727
1154,"(0.722, 0.732]",3.0,506,506,506,506,506,0.727
1155,"(0.722, 0.732]",4.0,294,294,294,294,294,0.727
1156,"(0.722, 0.732]",5.0,387,387,387,387,387,0.727
1157,"(0.722, 0.732]",6.0,285,285,285,285,285,0.727
1158,"(0.722, 0.732]",7.0,301,301,301,301,301,0.727
1159,"(0.722, 0.732]",8.0,222,222,222,222,222,0.727
1160,"(0.722, 0.732]",9.0,156,156,156,156,156,0.727
1161,"(0.722, 0.732]",10.0,121,121,121,121,121,0.727
1162,"(0.722, 0.732]",11.0,89,89,89,89,89,0.727
1163,"(0.722, 0.732]",12.0,68,68,68,68,68,0.727
1164,"(0.722, 0.732]",13.0,55,55,55,55,55,0.727
1165,"(0.722, 0.732]",14.0,45,45,45,45,45,0.727
1166,"(0.722, 0.732]",15.0,43,43,43,43,43,0.727
1167,"(0.722, 0.732]",16.0,34,34,34,34,34,0.727
1168,"(0.732, 0.742]",1.0,0,0,0,0,0,0.737
1169,"(0.732, 0.742]",2.0,966,966,966,966,966,0.737
1170,"(0.732, 0.742]",3.0,503,503,503,503,503,0.737
1171,"(0.732, 0.742]",4.0,278,278,278,278,278,0.737
1172,"(0.732, 0.742]",5.0,396,396,396,396,396,0.737
1173,"(0.732, 0.742]",6.0,314,314,314,314,314,0.737
1174,"(0.732, 0.742]",7.0,307,307,307,307,307,0.737
1175,"(0.732, 0.742]",8.0,233,233,233,233,233,0.737
1176,"(0.732, 0.742]",9.0,162,162,162,162,162,0.737
1177,"(0.732, 0.742]",10.0,125,125,125,125,125,0.737
1178,"(0.732, 0.742]",11.0,99,99,99,99,99,0.737
1179,"(0.732, 0.742]",12.0,82,82,82,82,82,0.737
1180,"(0.732, 0.742]",13.0,49,49,49,49,49,0.737
1181,"(0.732, 0.742]",14.0,31,31,31,31,31,0.737
1182,"(0.732, 0.742]",15.0,25,25,25,25,25,0.737
1183,"(0.732, 0.742]",16.0,25,25,25,25,25,0.737
1184,"(0.742, 0.752]",1.0,0,0,0,0,0,0.747
1185,"(0.742, 0.752]",2.0,972,972,972,972,972,0.747
1186,"(0.742, 0.752]",3.0,538,538,538,538,538,0.747
1187,"(0.742, 0.752]",4.0,260,260,260,260,260,0.747
1188,"(0.742, 0.752]",5.0,370,370,370,370,370,0.747
1189,"(0.742, 0.752]",6.0,268,268,268,268,268,0.747
1190,"(0.742, 0.752]",7.0,318,318,318,318,318,0.747
1191,"(0.742, 0.752]",8.0,246,246,246,246,246,0.747
1192,"(0.742, 0.752]",9.0,135,135,135,135,135,0.747
1193,"(0.742, 0.752]",10.0,129,129,129,129,129,0.747
1194,"(0.742, 0.752]",11.0,88,88,88,88,88,0.747
1195,"(0.742, 0.752]",12.0,55,55,55,55,55,0.747
1196,"(0.742, 0.752]",13.0,49,49,49,49,49,0.747
1197,"(0.742, 0.752]",14.0,34,34,34,34,34,0.747
1198,"(0.742, 0.752]",15.0,31,31,31,31,31,0.747
1199,"(0.742, 0.752]",16.0,21,21,21,21,21,0.747
1200,"(0.752, 0.763]",1.0,0,0,0,0,0,0.7575000000000001
1201,"(0.752, 0.763]",2.0,931,931,931,931,931,0.7575000000000001
1202,"(0.752, 0.763]",3.0,455,455,455,455,455,0.7575000000000001
1203,"(0.752, 0.763]",4.0,237,237,237,237,237,0.7575000000000001
1204,"(0.752, 0.763]",5.0,344,344,344,344,344,0.7575000000000001
1205,"(0.752, 0.763]",6.0,272,272,272,272,272,0.7575000000000001
1206,"(0.752, 0.763]",7.0,330,330,330,330,330,0.7575000000000001
1207,"(0.752, 0.763]",8.0,234,234,234,234,234,0.7575000000000001
1208,"(0.752, 0.763]",9.0,149,149,149,149,149,0.7575000000000001
1209,"(0.752, 0.763]",10.0,106,106,106,106,106,0.7575000000000001
1210,"(0.752, 0.763]",11.0,80,80,80,80,80,0.7575000000000001
1211,"(0.752, 0.763]",12.0,77,77,77,77,77,0.7575000000000001
1212,"(0.752, 0.763]",13.0,53,53,53,53,53,0.7575000000000001
1213,"(0.752, 0.763]",14.0,38,38,38,38,38,0.7575000000000001
1214,"(0.752, 0.763]",15.0,25,25,25,25,25,0.7575000000000001
1215,"(0.752, 0.763]",16.0,28,28,28,28,28,0.7575000000000001
1216,"(0.763, 0.773]",1.0,0,0,0,0,0,0.768
1217,"(0.763, 0.773]",2.0,877,877,877,877,877,0.768
1218,"(0.763, 0.773]",3.0,555,555,555,555,555,0.768
1219,"(0.763, 0.773]",4.0,254,254,254,254,254,0.768
1220,"(0.763, 0.773]",5.0,349,349,349,349,349,0.768
1221,"(0.763, 0.773]",6.0,222,222,222,222,222,0.768
1222,"(0.763, 0.773]",7.0,307,307,307,307,307,0.768
1223,"(0.763, 0.773]",8.0,231,231,231,231,231,0.768
1224,"(0.763, 0.773]",9.0,150,150,150,150,150,0.768
1225,"(0.763, 0.773]",10.0,112,112,112,112,112,0.768
1226,"(0.763, 0.773]",11.0,67,67,67,67,67,0.768
1227,"(0.763, 0.773]",12.0,52,52,52,52,52,0.768
1228,"(0.763, 0.773]",13.0,40,40,40,40,40,0.768
1229,"(0.763, 0.773]",14.0,33,33,33,33,33,0.768
1230,"(0.763, 0.773]",15.0,25,25,25,25,25,0.768
1231,"(0.763, 0.773]",16.0,21,21,21,21,21,0.768
1232,"(0.773, 0.783]",1.0,0,0,0,0,0,0.778
1233,"(0.773, 0.783]",2.0,1050,1050,1050,1050,1050,0.778
1234,"(0.773, 0.783]",3.0,440,440,440,440,440,0.778
1235,"(0.773, 0.783]",4.0,239,239,239,239,239,0.778
1236,"(0.773, 0.783]",5.0,352,352,352,352,352,0.778
1237,"(0.773, 0.783]",6.0,238,238,238,238,238,0.778
1238,"(0.773, 0.783]",7.0,304,304,304,304,304,0.778
1239,"(0.773, 0.783]",8.0,209,209,209,209,209,0.778
1240,"(0.773, 0.783]",9.0,155,155,155,155,155,0.778
1241,"(0.773, 0.783]",10.0,108,108,108,108,108,0.778
1242,"(0.773, 0.783]",11.0,79,79,79,79,79,0.778
1243,"(0.773, 0.783]",12.0,52,52,52,52,52,0.778
1244,"(0.773, 0.783]",13.0,41,41,41,41,41,0.778
1245,"(0.773, 0.783]",14.0,46,46,46,46,46,0.778
1246,"(0.773, 0.783]",15.0,34,34,34,34,34,0.778
1247,"(0.773, 0.783]",16.0,16,16,16,16,16,0.778
1248,"(0.783, 0.793]",1.0,0,0,0,0,0,0.788
1249,"(0.783, 0.793]",2.0,981,981,981,981,981,0.788
1250,"(0.783, 0.793]",3.0,481,481,481,481,481,0.788
1251,"(0.783, 0.793]",4.0,209,209,209,209,209,0.788
1252,"(0.783, 0.793]",5.0,327,327,327,327,327,0.788
1253,"(0.783, 0.793]",6.0,254,254,254,254,254,0.788
1254,"(0.783, 0.793]",7.0,290,290,290,290,290,0.788
1255,"(0.783, 0.793]",8.0,197,197,197,197,197,0.788
1256,"(0.783, 0.793]",9.0,152,152,152,152,152,0.788
1257,"(0.783, 0.793]",10.0,93,93,93,93,93,0.788
1258,"(0.783, 0.793]",11.0,79,79,79,79,79,0.788
1259,"(0.783, 0.793]",12.0,66,66,66,66,66,0.788
1260,"(0.783, 0.793]",13.0,44,44,44,44,44,0.788
1261,"(0.783, 0.793]",14.0,27,27,27,27,27,0.788
1262,"(0.783, 0.793]",15.0,31,31,31,31,31,0.788
1263,"(0.783, 0.793]",16.0,30,30,30,30,30,0.788
1264,"(0.793, 0.803]",1.0,0,0,0,0,0,0.798
1265,"(0.793, 0.803]",2.0,980,980,980,980,980,0.798
1266,"(0.793, 0.803]",3.0,434,434,434,434,434,0.798
1267,"(0.793, 0.803]",4.0,226,226,226,226,226,0.798
1268,"(0.793, 0.803]",5.0,314,314,314,314,314,0.798
1269,"(0.793, 0.803]",6.0,240,240,240,240,240,0.798
1270,"(0.793, 0.803]",7.0,318,318,318,318,318,0.798
1271,"(0.793, 0.803]",8.0,208,208,208,208,208,0.798
1272,"(0.793, 0.803]",9.0,135,135,135,135,135,0.798
1273,"(0.793, 0.803]",10.0,123,123,123,123,123,0.798
1274,"(0.793, 0.803]",11.0,75,75,75,75,75,0.798
1275,"(0.793, 0.803]",12.0,56,56,56,56,56,0.798
1276,"(0.793, 0.803]",13.0,44,44,44,44,44,0.798
1277,"(0.793, 0.803]",14.0,24,24,24,24,24,0.798
1278,"(0.793, 0.803]",15.0,28,28,28,28,28,0.798
1279,"(0.793, 0.803]",16.0,19,19,19,19,19,0.798
1280,"(0.803, 0.813]",1.0,0,0,0,0,0,0.808
1281,"(0.803, 0.813]",2.0,894,894,894,894,894,0.808
1282,"(0.803, 0.813]",3.0,417,417,417,417,417,0.808
1283,"(0.803, 0.813]",4.0,218,218,218,218,218,0.808
1284,"(0.803, 0.813]",5.0,293,293,293,293,293,0.808
1285,"(0.803, 0.813]",6.0,217,217,217,217,217,0.808
1286,"(0.803, 0.813]",7.0,292,292,292,292,292,0.808
1287,"(0.803, 0.813]",8.0,185,185,185,185,185,0.808
1288,"(0.803, 0.813]",9.0,134,134,134,134,134,0.808
1289,"(0.803, 0.813]",10.0,108,108,108,108,108,0.808
1290,"(0.803, 0.813]",11.0,69,69,69,69,69,0.808
1291,"(0.803, 0.813]",12.0,50,50,50,50,50,0.808
1292,"(0.803, 0.813]",13.0,39,39,39,39,39,0.808
1293,"(0.803, 0.813]",14.0,39,39,39,39,39,0.808
1294,"(0.803, 0.813]",15.0,25,25,25,25,25,0.808
1295,"(0.803, 0.813]",16.0,32,32,32,32,32,0.808
1296,"(0.813, 0.823]",1.0,0,0,0,0,0,0.818
1297,"(0.813, 0.823]",2.0,910,910,910,910,910,0.818
1298,"(0.813, 0.823]",3.0,405,405,405,405,405,0.818
1299,"(0.813, 0.823]",4.0,200,200,200,200,200,0.818
1300,"(0.813, 0.823]",5.0,274,274,274,274,274,0.818
1301,"(0.813, 0.823]",6.0,202,202,202,202,202,0.818
1302,"(0.813, 0.823]",7.0,275,275,275,275,275,0.818
1303,"(0.813, 0.823]",8.0,208,208,208,208,208,0.818
1304,"(0.813, 0.823]",9.0,128,128,128,128,128,0.818
1305,"(0.813, 0.823]",10.0,85,85,85,85,85,0.818
1306,"(0.813, 0.823]",11.0,59,59,59,59,59,0.818
1307,"(0.813, 0.823]",12.0,42,42,42,42,42,0.818
1308,"(0.813, 0.823]",13.0,45,45,45,45,45,0.818
1309,"(0.813, 0.823]",14.0,36,36,36,36,36,0.818
1310,"(0.813, 0.823]",15.0,28,28,28,28,28,0.818
1311,"(0.813, 0.823]",16.0,15,15,15,15,15,0.818
1312,"(0.823, 0.833]",1.0,0,0,0,0,0,0.828
1313,"(0.823, 0.833]",2.0,929,929,929,929,929,0.828
1314,"(0.823, 0.833]",3.0,336,336,336,336,336,0.828
1315,"(0.823, 0.833]",4.0,202,202,202,202,202,0.828
1316,"(0.823, 0.833]",5.0,294,294,294,294,294,0.828
1317,"(0.823, 0.833]",6.0,190,190,190,190,190,0.828
1318,"(0.823, 0.833]",7.0,283,283,283,283,283,0.828
1319,"(0.823, 0.833]",8.0,201,201,201,201,201,0.828
1320,"(0.823, 0.833]",9.0,119,119,119,119,119,0.828
1321,"(0.823, 0.833]",10.0,109,109,109,109,109,0.828
1322,"(0.823, 0.833]",11.0,79,79,79,79,79,0.828
1323,"(0.823, 0.833]",12.0,68,68,68,68,68,0.828
1324,"(0.823, 0.833]",13.0,49,49,49,49,49,0.828
1325,"(0.823, 0.833]",14.0,28,28,28,28,28,0.828
1326,"(0.823, 0.833]",15.0,32,32,32,32,32,0.828
1327,"(0.823, 0.833]",16.0,24,24,24,24,24,0.828
1328,"(0.833, 0.843]",1.0,0,0,0,0,0,0.838
1329,"(0.833, 0.843]",2.0,792,792,792,792,792,0.838
1330,"(0.833, 0.843]",3.0,406,406,406,406,406,0.838
1331,"(0.833, 0.843]",4.0,172,172,172,172,172,0.838
1332,"(0.833, 0.843]",5.0,257,257,257,257,257,0.838
1333,"(0.833, 0.843]",6.0,212,212,212,212,212,0.838
1334,"(0.833, 0.843]",7.0,232,232,232,232,232,0.838
1335,"(0.833, 0.843]",8.0,189,189,189,189,189,0.838
1336,"(0.833, 0.843]",9.0,133,133,133,133,133,0.838
1337,"(0.833, 0.843]",10.0,86,86,86,86,86,0.838
1338,"(0.833, 0.843]",11.0,84,84,84,84,84,0.838
1339,"(0.833, 0.843]",12.0,55,55,55,55,55,0.838
1340,"(0.833, 0.843]",13.0,47,47,47,47,47,0.838
1341,"(0.833, 0.843]",14.0,35,35,35,35,35,0.838
1342,"(0.833, 0.843]",15.0,28,28,28,28,28,0.838
1343,"(0.833, 0.843]",16.0,20,20,20,20,20,0.838
1344,"(0.843, 0.853]",1.0,0,0,0,0,0,0.848
1345,"(0.843, 0.853]",2.0,768,768,768,768,768,0.848
1346,"(0.843, 0.853]",3.0,425,425,425,425,425,0.848
1347,"(0.843, 0.853]",4.0,175,175,175,175,175,0.848
1348,"(0.843, 0.853]",5.0,253,253,253,253,253,0.848
1349,"(0.843, 0.853]",6.0,190,190,190,190,190,0.848
1350,"(0.843, 0.853]",7.0,249,249,249,249,249,0.848
1351,"(0.843, 0.853]",8.0,188,188,188,188,188,0.848
1352,"(0.843, 0.853]",9.0,119,119,119,119,119,0.848
1353,"(0.843, 0.853]",10.0,95,95,95,95,95,0.848
1354,"(0.843, 0.853]",11.0,89,89,89,89,89,0.848
1355,"(0.843, 0.853]",12.0,55,55,55,55,55,0.848
1356,"(0.843, 0.853]",13.0,42,42,42,42,42,0.848
1357,"(0.843, 0.853]",14.0,26,26,26,26,26,0.848
1358,"(0.843, 0.853]",15.0,24,24,24,24,24,0.848
1359,"(0.843, 0.853]",16.0,20,20,20,20,20,0.848
1360,"(0.853, 0.864]",1.0,0,0,0,0,0,0.8585
1361,"(0.853, 0.864]",2.0,709,709,709,709,709,0.8585
1362,"(0.853, 0.864]",3.0,340,340,340,340,340,0.8585
1363,"(0.853, 0.864]",4.0,152,152,152,152,152,0.8585
1364,"(0.853, 0.864]",5.0,204,204,204,204,204,0.8585
1365,"(0.853, 0.864]",6.0,156,156,156,156,156,0.8585
1366,"(0.853, 0.864]",7.0,226,226,226,226,226,0.8585
1367,"(0.853, 0.864]",8.0,179,179,179,179,179,0.8585
1368,"(0.853, 0.864]",9.0,88,88,88,88,88,0.8585
1369,"(0.853, 0.864]",10.0,87,87,87,87,87,0.8585
1370,"(0.853, 0.864]",11.0,60,60,60,60,60,0.8585
1371,"(0.853, 0.864]",12.0,49,49,49,49,49,0.8585
1372,"(0.853, 0.864]",13.0,42,42,42,42,42,0.8585
1373,"(0.853, 0.864]",14.0,18,18,18,18,18,0.8585
1374,"(0.853, 0.864]",15.0,21,21,21,21,21,0.8585
1375,"(0.853, 0.864]",16.0,14,14,14,14,14,0.8585
1376,"(0.864, 0.874]",1.0,0,0,0,0,0,0.869
1377,"(0.864, 0.874]",2.0,654,654,654,654,654,0.869
1378,"(0.864, 0.874]",3.0,303,303,303,303,303,0.869
1379,"(0.864, 0.874]",4.0,136,136,136,136,136,0.869
1380,"(0.864, 0.874]",5.0,160,160,160,160,160,0.869
1381,"(0.864, 0.874]",6.0,160,160,160,160,160,0.869
1382,"(0.864, 0.874]",7.0,181,181,181,181,181,0.869
1383,"(0.864, 0.874]",8.0,129,129,129,129,129,0.869
1384,"(0.864, 0.874]",9.0,97,97,97,97,97,0.869
1385,"(0.864, 0.874]",10.0,78,78,78,78,78,0.869
1386,"(0.864, 0.874]",11.0,70,70,70,70,70,0.869
1387,"(0.864, 0.874]",12.0,58,58,58,58,58,0.869
1388,"(0.864, 0.874]",13.0,31,31,31,31,31,0.869
1389,"(0.864, 0.874]",14.0,26,26,26,26,26,0.869
1390,"(0.864, 0.874]",15.0,21,21,21,21,21,0.869
1391,"(0.864, 0.874]",16.0,12,12,12,12,12,0.869
1392,"(0.874, 0.884]",1.0,0,0,0,0,0,0.879
1393,"(0.874, 0.884]",2.0,555,555,555,555,555,0.879
1394,"(0.874, 0.884]",3.0,266,266,266,266,266,0.879
1395,"(0.874, 0.884]",4.0,126,126,126,126,126,0.879
1396,"(0.874, 0.884]",5.0,181,181,181,181,181,0.879
1397,"(0.874, 0.884]",6.0,124,124,124,124,124,0.879
1398,"(0.874, 0.884]",7.0,167,167,167,167,167,0.879
1399,"(0.874, 0.884]",8.0,128,128,128,128,128,0.879
1400,"(0.874, 0.884]",9.0,86,86,86,86,86,0.879
1401,"(0.874, 0.884]",10.0,71,71,71,71,71,0.879
1402,"(0.874, 0.884]",11.0,44,44,44,44,44,0.879
1403,"(0.874, 0.884]",12.0,33,33,33,33,33,0.879
1404,"(0.874, 0.884]",13.0,20,20,20,20,20,0.879
1405,"(0.874, 0.884]",14.0,15,15,15,15,15,0.879
1406,"(0.874, 0.884]",15.0,15,15,15,15,15,0.879
1407,"(0.874, 0.884]",16.0,9,9,9,9,9,0.879
1408,"(0.884, 0.894]",1.0,0,0,0,0,0,0.889
1409,"(0.884, 0.894]",2.0,498,498,498,498,498,0.889
1410,"(0.884, 0.894]",3.0,253,253,253,253,253,0.889
1411,"(0.884, 0.894]",4.0,104,104,104,104,104,0.889
1412,"(0.884, 0.894]",5.0,136,136,136,136,136,0.889
1413,"(0.884, 0.894]",6.0,119,119,119,119,119,0.889
1414,"(0.884, 0.894]",7.0,128,128,128,128,128,0.889
1415,"(0.884, 0.894]",8.0,127,127,127,127,127,0.889
1416,"(0.884, 0.894]",9.0,66,66,66,66,66,0.889
1417,"(0.884, 0.894]",10.0,67,67,67,67,67,0.889
1418,"(0.884, 0.894]",11.0,41,41,41,41,41,0.889
1419,"(0.884, 0.894]",12.0,26,26,26,26,26,0.889
1420,"(0.884, 0.894]",13.0,23,23,23,23,23,0.889
1421,"(0.884, 0.894]",14.0,18,18,18,18,18,0.889
1422,"(0.884, 0.894]",15.0,16,16,16,16,16,0.889
1423,"(0.884, 0.894]",16.0,7,7,7,7,7,0.889
1424,"(0.894, 0.904]",1.0,0,0,0,0,0,0.899
1425,"(0.894, 0.904]",2.0,519,519,519,519,519,0.899
1426,"(0.894, 0.904]",3.0,199,199,199,199,199,0.899
1427,"(0.894, 0.904]",4.0,92,92,92,92,92,0.899
1428,"(0.894, 0.904]",5.0,131,131,131,131,131,0.899
1429,"(0.894, 0.904]",6.0,97,97,97,97,97,0.899
1430,"(0.894, 0.904]",7.0,108,108,108,108,108,0.899
1431,"(0.894, 0.904]",8.0,95,95,95,95,95,0.899
1432,"(0.894, 0.904]",9.0,83,83,83,83,83,0.899
1433,"(0.894, 0.904]",10.0,53,53,53,53,53,0.899
1434,"(0.894, 0.904]",11.0,34,34,34,34,34,0.899
1435,"(0.894, 0.904]",12.0,27,27,27,27,27,0.899
1436,"(0.894, 0.904]",13.0,18,18,18,18,18,0.899
1437,"(0.894, 0.904]",14.0,23,23,23,23,23,0.899
1438,"(0.894, 0.904]",15.0,5,5,5,5,5,0.899
1439,"(0.894, 0.904]",16.0,11,11,11,11,11,0.899
1440,"(0.904, 0.914]",1.0,0,0,0,0,0,0.909
1441,"(0.904, 0.914]",2.0,442,442,442,442,442,0.909
1442,"(0.904, 0.914]",3.0,163,163,163,163,163,0.909
1443,"(0.904, 0.914]",4.0,84,84,84,84,84,0.909
1444,"(0.904, 0.914]",5.0,118,118,118,118,118,0.909
1445,"(0.904, 0.914]",6.0,89,89,89,89,89,0.909
1446,"(0.904, 0.914]",7.0,106,106,106,106,106,0.909
1447,"(0.904, 0.914]",8.0,84,84,84,84,84,0.909
1448,"(0.904, 0.914]",9.0,47,47,47,47,47,0.909
1449,"(0.904, 0.914]",10.0,52,52,52,52,52,0.909
1450,"(0.904, 0.914]",11.0,33,33,33,33,33,0.909
1451,"(0.904, 0.914]",12.0,22,22,22,22,22,0.909
1452,"(0.904, 0.914]",13.0,21,21,21,21,21,0.909
1453,"(0.904, 0.914]",14.0,15,15,15,15,15,0.909
1454,"(0.904, 0.914]",15.0,13,13,13,13,13,0.909
1455,"(0.904, 0.914]",16.0,8,8,8,8,8,0.909
1456,"(0.914, 0.924]",1.0,0,0,0,0,0,0.919
1457,"(0.914, 0.924]",2.0,397,397,397,397,397,0.919
1458,"(0.914, 0.924]",3.0,160,160,160,160,160,0.919
1459,"(0.914, 0.924]",4.0,83,83,83,83,83,0.919
1460,"(0.914, 0.924]",5.0,133,133,133,133,133,0.919
1461,"(0.914, 0.924]",6.0,75,75,75,75,75,0.919
1462,"(0.914, 0.924]",7.0,117,117,117,117,117,0.919
1463,"(0.914, 0.924]",8.0,94,94,94,94,94,0.919
1464,"(0.914, 0.924]",9.0,60,60,60,60,60,0.919
1465,"(0.914, 0.924]",10.0,32,32,32,32,32,0.919
1466,"(0.914, 0.924]",11.0,29,29,29,29,29,0.919
1467,"(0.914, 0.924]",12.0,18,18,18,18,18,0.919
1468,"(0.914, 0.924]",13.0,15,15,15,15,15,0.919
1469,"(0.914, 0.924]",14.0,10,10,10,10,10,0.919
1470,"(0.914, 0.924]",15.0,1,1,1,1,1,0.919
1471,"(0.914, 0.924]",16.0,9,9,9,9,9,0.919
1472,"(0.924, 0.934]",1.0,0,0,0,0,0,0.929
1473,"(0.924, 0.934]",2.0,506,506,506,506,506,0.929
1474,"(0.924, 0.934]",3.0,182,182,182,182,182,0.929
1475,"(0.924, 0.934]",4.0,92,92,92,92,92,0.929
1476,"(0.924, 0.934]",5.0,124,124,124,124,124,0.929
1477,"(0.924, 0.934]",6.0,90,90,90,90,90,0.929
1478,"(0.924, 0.934]",7.0,133,133,133,133,133,0.929
1479,"(0.924, 0.934]",8.0,93,93,93,93,93,0.929
1480,"(0.924, 0.934]",9.0,52,52,52,52,52,0.929
1481,"(0.924, 0.934]",10.0,46,46,46,46,46,0.929
1482,"(0.924, 0.934]",11.0,28,28,28,28,28,0.929
1483,"(0.924, 0.934]",12.0,26,26,26,26,26,0.929
1484,"(0.924, 0.934]",13.0,19,19,19,19,19,0.929
1485,"(0.924, 0.934]",14.0,13,13,13,13,13,0.929
1486,"(0.924, 0.934]",15.0,4,4,4,4,4,0.929
1487,"(0.924, 0.934]",16.0,8,8,8,8,8,0.929
1488,"(0.934, 0.944]",1.0,0,0,0,0,0,0.9390000000000001
1489,"(0.934, 0.944]",2.0,1106,1106,1106,1106,1106,0.9390000000000001
1490,"(0.934, 0.944]",3.0,313,313,313,313,313,0.9390000000000001
1491,"(0.934, 0.944]",4.0,149,149,149,149,149,0.9390000000000001
1492,"(0.934, 0.944]",5.0,215,215,215,215,215,0.9390000000000001
1493,"(0.934, 0.944]",6.0,135,135,135,135,135,0.9390000000000001
1494,"(0.934, 0.944]",7.0,212,212,212,212,212,0.9390000000000001
1495,"(0.934, 0.944]",8.0,130,130,130,130,130,0.9390000000000001
1496,"(0.934, 0.944]",9.0,90,90,90,90,90,0.9390000000000001
1497,"(0.934, 0.944]",10.0,52,52,52,52,52,0.9390000000000001
1498,"(0.934, 0.944]",11.0,38,38,38,38,38,0.9390000000000001
1499,"(0.934, 0.944]",12.0,40,40,40,40,40,0.9390000000000001
1500,"(0.934, 0.944]",13.0,25,25,25,25,25,0.9390000000000001
1501,"(0.934, 0.944]",14.0,12,12,12,12,12,0.9390000000000001
1502,"(0.934, 0.944]",15.0,16,16,16,16,16,0.9390000000000001
1503,"(0.934, 0.944]",16.0,12,12,12,12,12,0.9390000000000001
1504,"(0.944, 0.954]",1.0,0,0,0,0,0,0.949
1505,"(0.944, 0.954]",2.0,705,705,705,705,705,0.949
1506,"(0.944, 0.954]",3.0,131,131,131,131,131,0.949
1507,"(0.944, 0.954]",4.0,59,59,59,59,59,0.949
1508,"(0.944, 0.954]",5.0,72,72,72,72,72,0.949
1509,"(0.944, 0.954]",6.0,66,66,66,66,66,0.949
1510,"(0.944, 0.954]",7.0,75,75,75,75,75,0.949
1511,"(0.944, 0.954]",8.0,53,53,53,53,53,0.949
1512,"(0.944, 0.954]",9.0,34,34,34,34,34,0.949
1513,"(0.944, 0.954]",10.0,27,27,27,27,27,0.949
1514,"(0.944, 0.954]",11.0,24,24,24,24,24,0.949
1515,"(0.944, 0.954]",12.0,10,10,10,10,10,0.949
1516,"(0.944, 0.954]",13.0,5,5,5,5,5,0.949
1517,"(0.944, 0.954]",14.0,4,4,4,4,4,0.949
1518,"(0.944, 0.954]",15.0,3,3,3,3,3,0.949
1519,"(0.944, 0.954]",16.0,2,2,2,2,2,0.949
1520,"(0.954, 0.965]",1.0,0,0,0,0,0,0.9595
1521,"(0.954, 0.965]",2.0,219,219,219,219,219,0.9595
1522,"(0.954, 0.965]",3.0,107,107,107,107,107,0.9595
1523,"(0.954, 0.965]",4.0,40,40,40,40,40,0.9595
1524,"(0.954, 0.965]",5.0,71,71,71,71,71,0.9595
1525,"(0.954, 0.965]",6.0,45,45,45,45,45,0.9595
1526,"(0.954, 0.965]",7.0,60,60,60,60,60,0.9595
1527,"(0.954, 0.965]",8.0,39,39,39,39,39,0.9595
1528,"(0.954, 0.965]",9.0,30,30,30,30,30,0.9595
1529,"(0.954, 0.965]",10.0,12,12,12,12,12,0.9595
1530,"(0.954, 0.965]",11.0,16,16,16,16,16,0.9595
1531,"(0.954, 0.965]",12.0,11,11,11,11,11,0.9595
1532,"(0.954, 0.965]",13.0,1,1,1,1,1,0.9595
1533,"(0.954, 0.965]",14.0,5,5,5,5,5,0.9595
1534,"(0.954, 0.965]",15.0,4,4,4,4,4,0.9595
1535,"(0.954, 0.965]",16.0,3,3,3,3,3,0.9595
1536,"(0.965, 0.975]",1.0,0,0,0,0,0,0.97
1537,"(0.965, 0.975]",2.0,319,319,319,319,319,0.97
1538,"(0.965, 0.975]",3.0,169,169,169,169,169,0.97
1539,"(0.965, 0.975]",4.0,78,78,78,78,78,0.97
1540,"(0.965, 0.975]",5.0,114,114,114,114,114,0.97
1541,"(0.965, 0.975]",6.0,63,63,63,63,63,0.97
1542,"(0.965, 0.975]",7.0,107,107,107,107,107,0.97
1543,"(0.965, 0.975]",8.0,49,49,49,49,49,0.97
1544,"(0.965, 0.975]",9.0,31,31,31,31,31,0.97
1545,"(0.965, 0.975]",10.0,23,23,23,23,23,0.97
1546,"(0.965, 0.975]",11.0,26,26,26,26,26,0.97
1547,"(0.965, 0.975]",12.0,9,9,9,9,9,0.97
1548,"(0.965, 0.975]",13.0,7,7,7,7,7,0.97
1549,"(0.965, 0.975]",14.0,4,4,4,4,4,0.97
1550,"(0.965, 0.975]",15.0,5,5,5,5,5,0.97
1551,"(0.965, 0.975]",16.0,4,4,4,4,4,0.97
1552,"(0.975, 0.985]",1.0,0,0,0,0,0,0.98
1553,"(0.975, 0.985]",2.0,2,2,2,2,2,0.98
1554,"(0.975, 0.985]",3.0,3,3,3,3,3,0.98
1555,"(0.975, 0.985]",4.0,3,3,3,3,3,0.98
1556,"(0.975, 0.985]",5.0,1,1,1,1,1,0.98
1557,"(0.975, 0.985]",6.0,0,0,0,0,0,0.98
1558,"(0.975, 0.985]",7.0,1,1,1,1,1,0.98
1559,"(0.975, 0.985]",8.0,2,2,2,2,2,0.98
1560,"(0.975, 0.985]",9.0,0,0,0,0,0,0.98
1561,"(0.975, 0.985]",10.0,0,0,0,0,0,0.98
1562,"(0.975, 0.985]",11.0,0,0,0,0,0,0.98
1563,"(0.975, 0.985]",12.0,0,0,0,0,0,0.98
1564,"(0.975, 0.985]",13.0,0,0,0,0,0,0.98
1565,"(0.975, 0.985]",14.0,0,0,0,0,0,0.98
1566,"(0.975, 0.985]",15.0,0,0,0,0,0,0.98
1567,"(0.975, 0.985]",16.0,0,0,0,0,0,0.98
1568,"(0.985, 0.995]",1.0,0,0,0,0,0,0.99
1569,"(0.985, 0.995]",2.0,4,4,4,4,4,0.99
1570,"(0.985, 0.995]",3.0,5,5,5,5,5,0.99
1571,"(0.985, 0.995]",4.0,1,1,1,1,1,0.99
1572,"(0.985, 0.995]",5.0,0,0,0,0,0,0.99
1573,"(0.985, 0.995]",6.0,0,0,0,0,0,0.99
1574,"(0.985, 0.995]",7.0,0,0,0,0,0,0.99
1575,"(0.985, 0.995]",8.0,0,0,0,0,0,0.99
1576,"(0.985, 0.995]",9.0,0,0,0,0,0,0.99
1577,"(0.985, 0.995]",10.0,0,0,0,0,0,0.99
1578,"(0.985, 0.995]",11.0,0,0,0,0,0,0.99
1579,"(0.985, 0.995]",12.0,0,0,0,0,0,0.99
1580,"(0.985, 0.995]",13.0,0,0,0,0,0,0.99
1581,"(0.985, 0.995]",14.0,0,0,0,0,0,0.99
1582,"(0.985, 0.995]",15.0,0,0,0,0,0,0.99
1583,"(0.985, 0.995]",16.0,0,0,0,0,0,0.99
1584,"(0.995, 1.005]",1.0,0,0,0,0,0,1.0
1585,"(0.995, 1.005]",2.0,51,51,51,51,51,1.0
1586,"(0.995, 1.005]",3.0,10,10,10,10,10,1.0
1587,"(0.995, 1.005]",4.0,7,7,7,7,7,1.0
1588,"(0.995, 1.005]",5.0,4,4,4,4,4,1.0
1589,"(0.995, 1.005]",6.0,5,5,5,5,5,1.0
1590,"(0.995, 1.005]",7.0,2,2,2,2,2,1.0
1591,"(0.995, 1.005]",8.0,0,0,0,0,0,1.0
1592,"(0.995, 1.005]",9.0,0,0,0,0,0,1.0
1593,"(0.995, 1.005]",10.0,2,2,2,2,2,1.0
1594,"(0.995, 1.005]",11.0,1,1,1,1,1,1.0
1595,"(0.995, 1.005]",12.0,0,0,0,0,0,1.0
1596,"(0.995, 1.005]",13.0,1,1,1,1,1,1.0
1597,"(0.995, 1.005]",14.0,0,0,0,0,0,1.0
1598,"(0.995, 1.005]",15.0,0,0,0,0,0,1.0
1599,"(0.995, 1.005]",16.0,0,0,0,0,0,1.0
